9:01:00,0.00164666
9:01:10,0.00154347
9:01:20,0.00149695
9:01:30,0.00141799
9:01:40,0.00140317
9:01:50,0.00137346
9:02:00,0.00130252
9:02:10,0.00131634
9:02:20,0.00144883
9:02:30,0.00161286
9:02:40,0.00172673
9:02:50,0.00175344
9:03:00,0.00175799
9:03:10,0.00181321
9:03:20,0.00181837
9:03:30,0.00184853
9:03:40,0.0018471
9:03:50,0.00180181
9:04:00,0.00183666
9:04:10,0.00179617
9:04:20,0.00178408
9:04:30,0.00178396
9:04:40,0.001782
9:04:50,0.00176467
9:05:00,0.00176706
9:05:10,0.00178087
9:05:20,0.00181636
9:05:30,0.00182215
9:05:40,0.0018358
9:05:50,0.0018417
9:06:00,0.00182788
9:06:10,0.00180641
9:06:20,0.00177568
9:06:30,0.00179732
9:06:40,0.00177925
9:06:50,0.0017489
9:07:00,0.00172879
9:07:10,0.00171768
9:07:20,0.00170731
9:07:30,0.00169344
9:07:40,0.00167729
9:07:50,0.00164635
9:08:00,0.00162203
9:08:10,0.00157717
9:08:20,0.00157233
9:08:30,0.00157717
9:08:40,0.00158852
9:08:50,0.00163466
9:09:00,0.0016099
9:09:10,0.00159691
9:09:20,0.00159477
9:09:30,0.00160061
9:09:40,0.00163943
9:09:50,0.00165863
9:10:00,0.00166957
9:10:10,0.00166938
9:10:20,0.00166625
9:10:30,0.00164827
9:10:40,0.00162374
9:10:50,0.00163026
9:11:00,0.0016429
9:11:10,0.00166366
9:11:20,0.001683
9:11:30,0.00168601
9:11:40,0.00171266
9:11:50,0.00171703
9:12:00,0.00173161
9:12:10,0.00172599
9:12:20,0.00170688
9:12:30,0.00172351
9:12:40,0.00172801
9:12:50,0.00177184
9:13:00,0.00180306
9:13:10,0.00180661
9:13:20,0.00184764
9:13:30,0.00187445
9:13:40,0.00189191
9:13:50,0.0019285
9:14:00,0.00195612
9:14:10,0.00196322
9:14:20,0.00196837
9:14:30,0.00198654
9:14:40,0.00201388
9:14:50,0.00202135
9:15:00,0.00198233
9:15:10,0.00200812
9:15:20,0.002028
9:15:30,0.0020485
9:15:40,0.00205576
9:15:50,0.00208969
9:16:00,0.00208134
9:16:10,0.00208723
9:16:20,0.00208042
9:16:30,0.0020914
9:16:40,0.00210288
9:16:50,0.00210767
9:17:00,0.0020976
9:17:10,0.00207363
9:17:20,0.00208458
9:17:30,0.0020809
9:17:40,0.00207917
9:17:50,0.00204939
9:18:00,0.00203643
9:18:10,0.00199816
9:18:20,0.00198134
9:18:30,0.00197345
9:18:40,0.00196185
9:18:50,0.00197266
9:19:00,0.00196804
9:19:10,0.00195592
9:19:20,0.00195692
9:19:30,0.00197233
9:19:40,0.00198177
9:19:50,0.00196069
9:20:00,0.00195496
9:20:10,0.00194735
9:20:20,0.00190028
9:20:30,0.00189137
9:20:40,0.00187568
9:20:50,0.00185824
9:21:00,0.00182885
9:21:10,0.00179227
9:21:20,0.00181843
9:21:30,0.00184773
9:21:40,0.00188353
9:21:50,0.0018964
9:22:00,0.00191116
9:22:10,0.00190616
9:22:20,0.00189679
9:22:30,0.00190485
9:22:40,0.0019039
9:22:50,0.0019206
9:23:00,0.00191836
9:23:10,0.00191585
9:23:20,0.00191595
9:23:30,0.0019021
9:23:40,0.00189157
9:23:50,0.00190682
9:24:00,0.00191391
9:24:10,0.00186885
9:24:20,0.0018612
9:24:30,0.00187862
9:24:40,0.0019047
9:24:50,0.00193401
9:25:00,0.00193595
9:25:10,0.00198599
9:25:20,0.00201133
9:25:30,0.00202769
9:25:40,0.00204297
9:25:50,0.00205171
9:26:00,0.00205798
9:26:10,0.00204729
9:26:20,0.00205512
9:26:30,0.00204067
9:26:40,0.00205171
9:26:50,0.00206272
9:27:00,0.00204892
9:27:10,0.00205066
9:27:20,0.00206259
9:27:30,0.00209063
9:27:40,0.00210985
9:27:50,0.00209808
9:28:00,0.00206583
9:28:10,0.00206897
9:28:20,0.00207424
9:28:30,0.002077
9:28:40,0.00207811
9:28:50,0.00208374
9:29:00,0.00208116
9:29:10,0.002059
9:29:20,0.00205879
9:29:30,0.00204865
9:29:40,0.00205234
9:29:50,0.00203986
9:30:00,0.00202435
9:30:10,0.00198541
9:30:20,0.00196294
9:30:30,0.00195698
9:30:40,0.00198167
9:30:50,0.00198008
9:31:00,0.00196759
9:31:10,0.00197658
9:31:20,0.00199
9:31:30,0.002005
9:31:40,0.00203304
9:31:50,0.00204131
9:32:00,0.00205734
9:32:10,0.00208437
9:32:20,0.0020949
9:32:30,0.00210969
9:32:40,0.00214802
9:32:50,0.0021692
9:33:00,0.00221147
9:33:10,0.00222406
9:33:20,0.00222528
9:33:30,0.00225204
9:33:40,0.00225953
9:33:50,0.00226544
9:34:00,0.00227141
9:34:10,0.00228958
9:34:20,0.00230782
9:34:30,0.00231313
9:34:40,0.00229447
9:34:50,0.00227385
9:35:00,0.00226382
9:35:10,0.00226826
9:35:20,0.00227099
9:35:30,0.00228799
9:35:40,0.00228378
9:35:50,0.00230442
9:36:00,0.00231354
9:36:10,0.0023082
9:36:20,0.00230827
9:36:30,0.00231263
9:36:40,0.00230093
9:36:50,0.00231918
9:37:00,0.00230558
9:37:10,0.00229657
9:37:20,0.00228249
9:37:30,0.00227892
9:37:40,0.00227227
9:37:50,0.00226469
9:38:00,0.00225785
9:38:10,0.00224404
9:38:20,0.00222139
9:38:30,0.0022027
9:38:40,0.00220005
9:38:50,0.00218213
9:39:00,0.00218128
9:39:10,0.0021696
9:39:20,0.00216156
9:39:30,0.00215308
9:39:40,0.00214621
9:39:50,0.00214735
9:40:00,0.00213161
9:40:10,0.00213351
9:40:20,0.00212106
9:40:30,0.00210562
9:40:40,0.0020927
9:40:50,0.00207706
9:41:00,0.00205625
9:41:10,0.00206634
9:41:20,0.00207225
9:41:30,0.00205673
9:41:40,0.00204239
9:41:50,0.00201738
9:42:00,0.0020051
9:42:10,0.00198405
9:42:20,0.0019857
9:42:30,0.00199074
9:42:40,0.00199086
9:42:50,0.00199427
9:43:00,0.00198886
9:43:10,0.00199522
9:43:20,0.0020003
9:43:30,0.00199259
9:43:40,0.00195556
9:43:50,0.00195871
9:44:00,0.00197831
9:44:10,0.00196975
9:44:20,0.00196691
9:44:30,0.00194266
9:44:40,0.00192933
9:44:50,0.00189798
9:45:00,0.00188899
9:45:10,0.00187474
9:45:20,0.00191434
9:45:30,0.00193146
9:45:40,0.00192594
9:45:50,0.00196085
9:46:00,0.00197706
9:46:10,0.00199419
9:46:20,0.00203601
9:46:30,0.00203881
9:46:40,0.0020387
9:46:50,0.0020491
9:47:00,0.00205339
9:47:10,0.00205233
9:47:20,0.0020627
9:47:30,0.0020868
9:47:40,0.00206897
9:47:50,0.00206181
9:48:00,0.00204591
9:48:10,0.00203032
9:48:20,0.00204004
9:48:30,0.00205297
9:48:40,0.00205415
9:48:50,0.00205885
9:49:00,0.00205638
9:49:10,0.00207402
9:49:20,0.00209318
9:49:30,0.00208832
9:49:40,0.00210408
9:49:50,0.002095
9:50:00,0.00210304
9:50:10,0.00210211
9:50:20,0.00210115
9:50:30,0.00211048
9:50:40,0.00208342
9:50:50,0.00207928
9:51:00,0.00207099
9:51:10,0.00206809
9:51:20,0.00204855
9:51:30,0.00204053
9:51:40,0.00204708
9:51:50,0.00204323
9:52:00,0.00202422
9:52:10,0.00204227
9:52:20,0.00205412
9:52:30,0.00204769
9:52:40,0.00205199
9:52:50,0.00205571
9:53:00,0.00205581
9:53:10,0.00205019
9:53:20,0.00206075
9:53:30,0.00207406
9:53:40,0.00207024
9:53:50,0.00207541
9:54:00,0.00207917
9:54:10,0.00204896
9:54:20,0.00202414
9:54:30,0.00202474
9:54:40,0.00202346
9:54:50,0.00202724
9:55:00,0.00202618
9:55:10,0.00201008
9:55:20,0.00200487
9:55:30,0.00200167
9:55:40,0.00200033
9:55:50,0.00198926
9:56:00,0.00197697
9:56:10,0.00197469
9:56:20,0.00198546
9:56:30,0.00199493
9:56:40,0.00198661
9:56:50,0.00199472
9:57:00,0.0019831
9:57:10,0.00198287
9:57:20,0.00199042
9:57:30,0.00198828
9:57:40,0.0019845
9:57:50,0.00197055
9:58:00,0.00195938
9:58:10,0.00197277
9:58:20,0.00196487
9:58:30,0.00199146
9:58:40,0.0019817
9:58:50,0.001992
9:59:00,0.00198335
9:59:10,0.00196223
9:59:20,0.00194482
9:59:30,0.00195724
9:59:40,0.00193615
9:59:50,0.00195779
10:00:00,0.00195373
10:00:10,0.00195863
10:00:20,0.00197621
10:00:30,0.00199865
10:00:40,0.00200707
10:00:50,0.00203593
10:01:00,0.00205717
10:01:10,0.00206617
10:01:20,0.00207264
10:01:30,0.00207814
10:01:40,0.00207703
10:01:50,0.00205964
10:02:00,0.0020756
10:02:10,0.00207207
10:02:20,0.00204328
10:02:30,0.0020105
10:02:40,0.00200609
10:02:50,0.00198418
10:03:00,0.00197526
10:03:10,0.00196132
10:03:20,0.00195706
10:03:30,0.00195105
10:03:40,0.00194969
10:03:50,0.00197082
10:04:00,0.00196732
10:04:10,0.00195314
10:04:20,0.00194967
10:04:30,0.00194062
10:04:40,0.00191949
10:04:50,0.00189771
10:05:00,0.00188012
10:05:10,0.00184606
10:05:20,0.00182132
10:05:30,0.00179312
10:05:40,0.00178214
10:05:50,0.0017828
10:06:00,0.00179486
10:06:10,0.00179507
10:06:20,0.00178275
10:06:30,0.00177726
10:06:40,0.00178884
10:06:50,0.00178994
10:07:00,0.00179965
10:07:10,0.00182277
10:07:20,0.00181653
10:07:30,0.00181929
10:07:40,0.00181191
10:07:50,0.00180801
10:08:00,0.0018202
10:08:10,0.00181072
10:08:20,0.00180744
10:08:30,0.00181188
10:08:40,0.00182038
10:08:50,0.00182235
10:09:00,0.00184029
10:09:10,0.00186647
10:09:20,0.0018738
10:09:30,0.0018599
10:09:40,0.00186041
10:09:50,0.00185338
10:10:00,0.00184778
10:10:10,0.00182371
10:10:20,0.00181254
10:10:30,0.00180512
10:10:40,0.00179295
10:10:50,0.00178756
10:11:00,0.00177937
10:11:10,0.00177634
10:11:20,0.00174001
10:11:30,0.00171467
10:11:40,0.00171046
10:11:50,0.00171131
10:12:00,0.0016903
10:12:10,0.00171421
10:12:20,0.00172298
10:12:30,0.00170271
10:12:40,0.00170634
10:12:50,0.0017115
10:13:00,0.00172693
10:13:10,0.00171429
10:13:20,0.00172252
10:13:30,0.00171185
10:13:40,0.00171397
10:13:50,0.00170126
10:14:00,0.00169269
10:14:10,0.00168626
10:14:20,0.00168789
10:14:30,0.0016956
10:14:40,0.00169654
10:14:50,0.00169536
10:15:00,0.00168248
10:15:10,0.00168505
10:15:20,0.00168621
10:15:30,0.00169593
10:15:40,0.00168227
10:15:50,0.00168692
10:16:00,0.00169634
10:16:10,0.00169438
10:16:20,0.00170658
10:16:30,0.00173337
10:16:40,0.00174932
10:16:50,0.00176338
10:17:00,0.00176899
10:17:10,0.00178022
10:17:20,0.00179985
10:17:30,0.0018062
10:17:40,0.00182803
10:17:50,0.00183704
10:18:00,0.00183662
10:18:10,0.00183056
10:18:20,0.00183761
10:18:30,0.00181384
10:18:40,0.00180397
10:18:50,0.00178188
10:19:00,0.00177086
10:19:10,0.00176618
10:19:20,0.00175741
10:19:30,0.00174014
10:19:40,0.0017135
10:19:50,0.00172435
10:20:00,0.0017388
10:20:10,0.00173829
10:20:20,0.00175812
10:20:30,0.00175714
10:20:40,0.00175321
10:20:50,0.00175857
10:21:00,0.00175147
10:21:10,0.00174223
10:21:20,0.00174748
10:21:30,0.00173495
10:21:40,0.00172679
10:21:50,0.00173638
10:22:00,0.00175308
10:22:10,0.00174208
10:22:20,0.00174707
10:22:30,0.00176186
10:22:40,0.00176519
10:22:50,0.00175274
10:23:00,0.00175912
10:23:10,0.00174831
10:23:20,0.00173842
10:23:30,0.00171303
10:23:40,0.00170475
10:23:50,0.00170985
10:24:00,0.00170384
10:24:10,0.00170677
10:24:20,0.00169708
10:24:30,0.00169452
10:24:40,0.00168538
10:24:50,0.00167912
10:25:00,0.00166479
10:25:10,0.00166477
10:25:20,0.00167269
10:25:30,0.00168043
10:25:40,0.00169352
10:25:50,0.00170033
10:26:00,0.00172149
10:26:10,0.00171786
10:26:20,0.00172411
10:26:30,0.00171939
10:26:40,0.00172328
10:26:50,0.001727
10:27:00,0.00171488
10:27:10,0.00172516
10:27:20,0.00171141
10:27:30,0.00172081
10:27:40,0.00174026
10:27:50,0.00172707
10:28:00,0.00173335
10:28:10,0.0017341
10:28:20,0.0017312
10:28:30,0.00172191
10:28:40,0.00170933
10:28:50,0.00169015
10:29:00,0.00166618
10:29:10,0.00164824
10:29:20,0.0016415
10:29:30,0.00162643
10:29:40,0.00162494
10:29:50,0.00160517
10:30:00,0.00160086
10:30:10,0.00157866
10:30:20,0.00158791
10:30:30,0.00158581
10:30:40,0.00161143
10:30:50,0.00162694
10:31:00,0.00162972
10:31:10,0.00164904
10:31:20,0.00165862
10:31:30,0.00165765
10:31:40,0.00167165
10:31:50,0.00167375
10:32:00,0.00169766
10:32:10,0.0017053
10:32:20,0.00171666
10:32:30,0.00171098
10:32:40,0.00170766
10:32:50,0.00172461
10:33:00,0.00172393
10:33:10,0.00171871
10:33:20,0.00174576
10:33:30,0.00174667
10:33:40,0.00175164
10:33:50,0.00175292
10:34:00,0.00175673
10:34:10,0.00177433
10:34:20,0.00177023
10:34:30,0.0017855
10:34:40,0.00178355
10:34:50,0.00177722
10:35:00,0.00176613
10:35:10,0.00176468
10:35:20,0.0017568
10:35:30,0.0017401
10:35:40,0.00172885
10:35:50,0.00172315
10:36:00,0.00172565
10:36:10,0.00172443
10:36:20,0.0017262
10:36:30,0.00172476
10:36:40,0.00170635
10:36:50,0.00170623
10:37:00,0.00170321
10:37:10,0.00169661
10:37:20,0.00170533
10:37:30,0.00168719
10:37:40,0.00167594
10:37:50,0.00166417
10:38:00,0.00167408
10:38:10,0.00167628
10:38:20,0.00166845
10:38:30,0.00167232
10:38:40,0.00164545
10:38:50,0.00163982
10:39:00,0.00163559
10:39:10,0.00162555
10:39:20,0.00164082
10:39:30,0.0016507
10:39:40,0.00165864
10:39:50,0.00166689
10:40:00,0.00166245
10:40:10,0.00166143
10:40:20,0.00166283
10:40:30,0.0016562
10:40:40,0.00165679
10:40:50,0.00163007
10:41:00,0.00161146
10:41:10,0.00159859
10:41:20,0.0015763
10:41:30,0.00156349
10:41:40,0.00155233
10:41:50,0.00154887
10:42:00,0.00154176
10:42:10,0.00150913
10:42:20,0.0014937
10:42:30,0.00147485
10:42:40,0.00146029
10:42:50,0.00144028
10:43:00,0.00142193
10:43:10,0.00142072
10:43:20,0.00140609
10:43:30,0.00140465
10:43:40,0.00140117
10:43:50,0.0013916
10:44:00,0.00139903
10:44:10,0.00138123
10:44:20,0.00137345
10:44:30,0.00136054
10:44:40,0.00136147
10:44:50,0.00132917
10:45:00,0.00129694
10:45:10,0.00130312
10:45:20,0.0012777
10:45:30,0.0012618
10:45:40,0.00126466
10:45:50,0.0012448
10:46:00,0.00123678
10:46:10,0.00124809
10:46:20,0.00126463
10:46:30,0.00128111
10:46:40,0.00128439
10:46:50,0.00129154
10:47:00,0.00128509
10:47:10,0.00126264
10:47:20,0.00124994
10:47:30,0.00126212
10:47:40,0.00126242
10:47:50,0.00126023
10:48:00,0.00124703
10:48:10,0.00125976
10:48:20,0.00125644
10:48:30,0.00126417
10:48:40,0.00126056
10:48:50,0.00125773
10:49:00,0.00125943
10:49:10,0.00125755
10:49:20,0.00125171
10:49:30,0.00128014
10:49:40,0.00128266
10:49:50,0.00129949
10:50:00,0.00130979
10:50:10,0.00132373
10:50:20,0.0013201
10:50:30,0.00130134
10:50:40,0.0012997
10:50:50,0.00129877
10:51:00,0.00131491
10:51:10,0.00131227
10:51:20,0.00132209
10:51:30,0.00134325
10:51:40,0.00136579
10:51:50,0.00137677
10:52:00,0.00138415
10:52:10,0.00138809
10:52:20,0.00141873
10:52:30,0.00144388
10:52:40,0.00143083
10:52:50,0.00143168
10:53:00,0.00143028
10:53:10,0.00142461
10:53:20,0.00142105
10:53:30,0.00142311
10:53:40,0.00142973
10:53:50,0.00143613
10:54:00,0.00143587
10:54:10,0.00144695
10:54:20,0.00144135
10:54:30,0.00144448
10:54:40,0.00146828
10:54:50,0.00147037
10:55:00,0.0014855
10:55:10,0.00150082
10:55:20,0.00150467
10:55:30,0.00148623
10:55:40,0.00147408
10:55:50,0.00144846
10:56:00,0.00143641
10:56:10,0.00142946
10:56:20,0.00139965
10:56:30,0.00139749
10:56:40,0.00138904
10:56:50,0.00137347
10:57:00,0.00133711
10:57:10,0.00132209
10:57:20,0.00129605
10:57:30,0.00128488
10:57:40,0.00124992
10:57:50,0.00124102
10:58:00,0.00123947
10:58:10,0.00123151
10:58:20,0.00122651
10:58:30,0.00121558
10:58:40,0.00120904
10:58:50,0.00121814
10:59:00,0.00119682
10:59:10,0.00117903
10:59:20,0.00117203
10:59:30,0.0011758
10:59:40,0.00116235
10:59:50,0.00114758
11:00:00,0.00115668
11:00:10,0.00115704
11:00:20,0.0011389
11:00:30,0.00112817
11:00:40,0.00111489
11:00:50,0.00110975
11:01:00,0.00109432
11:01:10,0.0010779
11:01:20,0.00108305
11:01:30,0.00106811
11:01:40,0.00105462
11:01:50,0.00103584
11:02:00,0.0010223
11:02:10,0.00101577
11:02:20,0.00101185
11:02:30,0.00100572
11:02:40,0.00099324
11:02:50,0.00098904
11:03:00,0.00096767
11:03:10,0.00095916
11:03:20,0.00092843
11:03:30,0.00090851
11:03:40,0.00089064
11:03:50,0.00088737
11:04:00,0.00087309
11:04:10,0.00086407
11:04:20,0.00085633
11:04:30,0.0008385
11:04:40,0.0008265
11:04:50,0.00081747
11:05:00,0.00079471
11:05:10,0.00078784
11:05:20,0.00077533
11:05:30,0.00075909
11:05:40,0.00073012
11:05:50,0.00072889
11:06:00,0.0007311
11:06:10,0.00072603
11:06:20,0.00070788
11:06:30,0.0007088
11:06:40,0.00070814
11:06:50,0.00069975
11:07:00,0.00069046
11:07:10,0.000689
11:07:20,0.0006953
11:07:30,0.00068465
11:07:40,0.00067108
11:07:50,0.00066909
11:08:00,0.0006715
11:08:10,0.00066313
11:08:20,0.00064799
11:08:30,0.00063978
11:08:40,0.00063283
11:08:50,0.00063622
11:09:00,0.00065028
11:09:10,0.00064299
11:09:20,0.0006582
11:09:30,0.00062818
11:09:40,0.00063622
11:09:50,0.00064963
11:10:00,0.00066833
11:10:10,0.00067926
11:10:20,0.00065946
11:10:30,0.00066514
11:10:40,0.00066398
11:10:50,0.00066896
11:11:00,0.00066184
11:11:10,0.00065542
11:11:20,0.00066097
11:11:30,0.00066198
11:11:40,0.00065252
11:11:50,0.00063254
11:12:00,0.00062396
11:12:10,0.00061118
11:12:20,0.00061951
11:12:30,0.00062504
11:12:40,0.00061478
11:12:50,0.00061031
11:13:00,0.00060494
11:13:10,0.00061059
11:13:20,0.00062209
11:13:30,0.00063426
11:13:40,0.00064534
11:13:50,0.00066052
11:14:00,0.00067121
11:14:10,0.00066556
11:14:20,0.00066704
11:14:30,0.00066923
11:14:40,0.00068426
11:14:50,0.00068566
11:15:00,0.00069883
11:15:10,0.00070313
11:15:20,0.00071041
11:15:30,0.00072515
11:15:40,0.00072914
11:15:50,0.00073937
11:16:00,0.00075257
11:16:10,0.00076997
11:16:20,0.00075782
11:16:30,0.00075333
11:16:40,0.00074929
11:16:50,0.0007479
11:17:00,0.00075283
11:17:10,0.00074858
11:17:20,0.00075781
11:17:30,0.0007625
11:17:40,0.00076874
11:17:50,0.00078096
11:18:00,0.00080464
11:18:10,0.0008053
11:18:20,0.00080446
11:18:30,0.00083173
11:18:40,0.00083749
11:18:50,0.00084454
11:19:00,0.00085656
11:19:10,0.00087222
11:19:20,0.00088622
11:19:30,0.00088608
11:19:40,0.00091031
11:19:50,0.00091692
11:20:00,0.00092095
11:20:10,0.00092983
11:20:20,0.00094355
11:20:30,0.00096942
11:20:40,0.00097332
11:20:50,0.00097978
11:21:00,0.00100766
11:21:10,0.00100799
11:21:20,0.00100815
11:21:30,0.00103344
11:21:40,0.00104412
11:21:50,0.00105467
11:22:00,0.00105607
11:22:10,0.0010634
11:22:20,0.00105197
11:22:30,0.0010571
11:22:40,0.00104318
11:22:50,0.00103886
11:23:00,0.00104266
11:23:10,0.00103319
11:23:20,0.00102743
11:23:30,0.00103914
11:23:40,0.00104699
11:23:50,0.00104933
11:24:00,0.00104521
11:24:10,0.00103086
11:24:20,0.00101338
11:24:30,0.00098633
11:24:40,0.00097558
11:24:50,0.00096973
11:25:00,0.00094459
11:25:10,0.00092511
11:25:20,0.00092032
11:25:30,0.00091466
11:25:40,0.00092495
11:25:50,0.00093485
11:26:00,0.00093893
11:26:10,0.00093018
11:26:20,0.00095084
11:26:30,0.00094589
11:26:40,0.0009758
11:26:50,0.00097907
11:27:00,0.00098693
11:27:10,0.00097948
11:27:20,0.00099412
11:27:30,0.00100847
11:27:40,0.00101245
11:27:50,0.00102207
11:28:00,0.00104043
11:28:10,0.0010575
11:28:20,0.00105729
11:28:30,0.00105526
11:28:40,0.00104336
11:28:50,0.0010324
11:29:00,0.00101968
11:29:10,0.00100234
11:29:20,0.00100236
11:29:30,0.00101675
11:29:40,0.00103049
11:29:50,0.00103831
11:30:00,0.00105072
11:30:10,0.00105266
11:30:20,0.0010476
11:30:30,0.00105051
11:30:40,0.00105189
11:30:50,0.00105409
11:31:00,0.00104173
11:31:10,0.00103686
11:31:20,0.00103268
11:31:30,0.00103611
11:31:40,0.00103765
11:31:50,0.00103377
11:32:00,0.00105603
11:32:10,0.00103789
11:32:20,0.00102947
11:32:30,0.00103621
11:32:40,0.00105431
11:32:50,0.00106299
11:33:00,0.00107005
11:33:10,0.00107897
11:33:20,0.00108428
11:33:30,0.0010767
11:33:40,0.00107934
11:33:50,0.00108707
11:34:00,0.0010957
11:34:10,0.00109647
11:34:20,0.00110153
11:34:30,0.00111325
11:34:40,0.00113487
11:34:50,0.00112274
11:35:00,0.00112694
11:35:10,0.00114332
11:35:20,0.00115558
11:35:30,0.00115405
11:35:40,0.00116132
11:35:50,0.00116255
11:36:00,0.001161
11:36:10,0.00118878
11:36:20,0.00120473
11:36:30,0.00121258
11:36:40,0.00122296
11:36:50,0.00122907
11:37:00,0.00124507
11:37:10,0.00125168
11:37:20,0.00125873
11:37:30,0.00125988
11:37:40,0.00127335
11:37:50,0.00126962
11:38:00,0.00127126
11:38:10,0.00126218
11:38:20,0.0012575
11:38:30,0.00126327
11:38:40,0.00125905
11:38:50,0.00124955
11:39:00,0.00126303
11:39:10,0.00126494
11:39:20,0.00126355
11:39:30,0.0012651
11:39:40,0.00126919
11:39:50,0.00126923
11:40:00,0.00127492
11:40:10,0.00128875
11:40:20,0.00130009
11:40:30,0.00129598
11:40:40,0.00130668
11:40:50,0.00128722
11:41:00,0.00127267
11:41:10,0.00128382
11:41:20,0.00127221
11:41:30,0.00128047
11:41:40,0.0012854
11:41:50,0.00128605
11:42:00,0.00128139
11:42:10,0.00127326
11:42:20,0.00126823
11:42:30,0.00127991
11:42:40,0.00127657
11:42:50,0.00126753
11:43:00,0.00128122
11:43:10,0.00128761
11:43:20,0.00128524
11:43:30,0.00127729
11:43:40,0.00127732
11:43:50,0.001272
11:44:00,0.00126809
11:44:10,0.00129392
11:44:20,0.00129382
11:44:30,0.00130386
11:44:40,0.00129991
11:44:50,0.00130045
11:45:00,0.00129566
11:45:10,0.00129625
11:45:20,0.00131035
11:45:30,0.00132644
11:45:40,0.00133036
11:45:50,0.0013449
11:46:00,0.00133683
11:46:10,0.00134286
11:46:20,0.00134588
11:46:30,0.00134229
11:46:40,0.00132899
11:46:50,0.00132545
11:47:00,0.00133653
11:47:10,0.00134559
11:47:20,0.00136522
11:47:30,0.00136891
11:47:40,0.00136591
11:47:50,0.00135833
11:48:00,0.00135277
11:48:10,0.00135071
11:48:20,0.00135578
11:48:30,0.00136496
11:48:40,0.00138649
11:48:50,0.00140955
11:49:00,0.00141453
11:49:10,0.00140277
11:49:20,0.00139332
11:49:30,0.00139025
11:49:40,0.00137735
11:49:50,0.00137943
11:50:00,0.00139193
11:50:10,0.0013876
11:50:20,0.00139421
11:50:30,0.00137154
11:50:40,0.0013849
11:50:50,0.00137828
11:51:00,0.00138972
11:51:10,0.00138118
11:51:20,0.00137903
11:51:30,0.00137101
11:51:40,0.00136152
11:51:50,0.00136537
11:52:00,0.00137302
11:52:10,0.00135947
11:52:20,0.00137717
11:52:30,0.0013669
11:52:40,0.0013583
11:52:50,0.0013536
11:53:00,0.0013509
11:53:10,0.00133753
11:53:20,0.00133224
11:53:30,0.00132075
11:53:40,0.0013113
11:53:50,0.00131235
11:54:00,0.00130305
11:54:10,0.00129278
11:54:20,0.0012832
11:54:30,0.00128553
11:54:40,0.0012824
11:54:50,0.00129475
11:55:00,0.00130114
11:55:10,0.0013118
11:55:20,0.00131283
11:55:30,0.00130114
11:55:40,0.0013117
11:55:50,0.00132446
11:56:00,0.00131936
11:56:10,0.00132863
11:56:20,0.0013231
11:56:30,0.00132336
11:56:40,0.00133604
11:56:50,0.00134532
11:57:00,0.00136153
11:57:10,0.00136569
11:57:20,0.00136394
11:57:30,0.00135894
11:57:40,0.00136679
11:57:50,0.00136835
11:58:00,0.00138236
11:58:10,0.00137612
11:58:20,0.00137528
11:58:30,0.00135583
11:58:40,0.00134781
11:58:50,0.00133292
11:59:00,0.00131413
11:59:10,0.00130894
11:59:20,0.00130333
11:59:30,0.00130359
11:59:40,0.00130555
11:59:50,0.00130148
12:00:00,0.00128782
12:00:10,0.00126515
12:00:20,0.00128856
12:00:30,0.00129091
12:00:40,0.00131292
12:00:50,0.00132551
12:01:00,0.00132539
12:01:10,0.00132846
12:01:20,0.00133093
12:01:30,0.00133152
12:01:40,0.00129814
12:01:50,0.00131196
12:02:00,0.00130662
12:02:10,0.00129715
12:02:20,0.0012879
12:02:30,0.001282
12:02:40,0.00126213
12:02:50,0.00125507
12:03:00,0.00124058
12:03:10,0.00124167
12:03:20,0.00123935
12:03:30,0.00122692
12:03:40,0.00123396
12:03:50,0.00124207
12:04:00,0.00125568
12:04:10,0.00124685
12:04:20,0.00124931
12:04:30,0.00124472
12:04:40,0.00125069
12:04:50,0.00124229
12:05:00,0.00123272
12:05:10,0.00123181
12:05:20,0.00123663
12:05:30,0.00122324
12:05:40,0.00121068
12:05:50,0.00119641
12:06:00,0.00119745
12:06:10,0.00119354
12:06:20,0.00119389
12:06:30,0.0011883
12:06:40,0.00120125
12:06:50,0.00119978
12:07:00,0.00119627
12:07:10,0.00120353
12:07:20,0.00120964
12:07:30,0.00120837
12:07:40,0.00121312
12:07:50,0.00122544
12:08:00,0.00122781
12:08:10,0.00122992
12:08:20,0.00122298
12:08:30,0.00123525
12:08:40,0.00122388
12:08:50,0.00122685
12:09:00,0.00123627
12:09:10,0.00124284
12:09:20,0.0012364
12:09:30,0.0012401
12:09:40,0.00123576
12:09:50,0.00124323
12:10:00,0.00124015
12:10:10,0.00124439
12:10:20,0.00124116
12:10:30,0.00122928
12:10:40,0.00123099
12:10:50,0.00124153
12:11:00,0.00124793
12:11:10,0.00123862
12:11:20,0.00124009
12:11:30,0.00125541
12:11:40,0.00124876
12:11:50,0.00124142
12:12:00,0.0012426
12:12:10,0.00123297
12:12:20,0.00124535
12:12:30,0.00124684
12:12:40,0.00123715
12:12:50,0.00124448
12:13:00,0.00125181
12:13:10,0.00124577
12:13:20,0.00124441
12:13:30,0.0012392
12:13:40,0.00124092
12:13:50,0.00124814
12:14:00,0.00124289
12:14:10,0.00124114
12:14:20,0.00124136
12:14:30,0.00124262
12:14:40,0.00123796
12:14:50,0.00123091
12:15:00,0.00122794
12:15:10,0.00121984
12:15:20,0.00121605
12:15:30,0.00122289
12:15:40,0.00122384
12:15:50,0.00122662
12:16:00,0.00123865
12:16:10,0.00122825
12:16:20,0.00122425
12:16:30,0.00122454
12:16:40,0.00121273
12:16:50,0.0012307
12:17:00,0.001236
12:17:10,0.0012382
12:17:20,0.00125021
12:17:30,0.00125036
12:17:40,0.00124598
12:17:50,0.00124017
12:18:00,0.00124141
12:18:10,0.00122903
12:18:20,0.00122229
12:18:30,0.00122308
12:18:40,0.0012128
12:18:50,0.00121742
12:19:00,0.00121422
12:19:10,0.00121087
12:19:20,0.00120907
12:19:30,0.0012104
12:19:40,0.00121381
12:19:50,0.00121456
12:20:00,0.00120797
12:20:10,0.00122642
12:20:20,0.00123384
12:20:30,0.00124585
12:20:40,0.00124776
12:20:50,0.00125019
12:21:00,0.00124419
12:21:10,0.00123561
12:21:20,0.00122559
12:21:30,0.00123213
12:21:40,0.00122463
12:21:50,0.00121785
12:22:00,0.00122431
12:22:10,0.0012402
12:22:20,0.00124287
12:22:30,0.00124757
12:22:40,0.00124559
12:22:50,0.00125087
12:23:00,0.00124208
12:23:10,0.00123755
12:23:20,0.00123438
12:23:30,0.00122604
12:23:40,0.00120824
12:23:50,0.0012011
12:24:00,0.00119618
12:24:10,0.00118713
12:24:20,0.00117919
12:24:30,0.00118144
12:24:40,0.00118878
12:24:50,0.00119487
12:25:00,0.00119119
12:25:10,0.00118515
12:25:20,0.00120287
12:25:30,0.00120156
12:25:40,0.00122353
12:25:50,0.00123022
12:26:00,0.00121117
12:26:10,0.00122122
12:26:20,0.00123547
12:26:30,0.00122421
12:26:40,0.00123822
12:26:50,0.00124767
12:27:00,0.00125191
12:27:10,0.0012512
12:27:20,0.0012519
12:27:30,0.00124256
12:27:40,0.00124433
12:27:50,0.00124518
12:28:00,0.00123847
12:28:10,0.00123823
12:28:20,0.0012431
12:28:30,0.00124791
12:28:40,0.00123326
12:28:50,0.00124098
12:29:00,0.0012406
12:29:10,0.00123741
12:29:20,0.00124219
12:29:30,0.00124083
12:29:40,0.00124416
12:29:50,0.00124318
12:30:00,0.00126616
12:30:10,0.00127766
12:30:20,0.00128049
12:30:30,0.00128434
12:30:40,0.00129189
12:30:50,0.00127526
12:31:00,0.00127927
12:31:10,0.00127747
12:31:20,0.00128473
12:31:30,0.0012778
12:31:40,0.00127763
12:31:50,0.00128353
12:32:00,0.00128444
12:32:10,0.00128102
12:32:20,0.00127265
12:32:30,0.00126022
12:32:40,0.00125096
12:32:50,0.00124719
12:33:00,0.00124544
12:33:10,0.0012398
12:33:20,0.00123193
12:33:30,0.00122774
12:33:40,0.001232
12:33:50,0.00121227
12:34:00,0.0012149
12:34:10,0.00118109
12:34:20,0.00117798
12:34:30,0.00117407
12:34:40,0.00117858
12:34:50,0.00118262
12:35:00,0.00117519
12:35:10,0.00116396
12:35:20,0.00117612
12:35:30,0.00118084
12:35:40,0.00118045
12:35:50,0.00119484
12:36:00,0.00119865
12:36:10,0.00121317
12:36:20,0.0012156
12:36:30,0.00122159
12:36:40,0.00122849
12:36:50,0.00124952
12:37:00,0.00126258
12:37:10,0.0012783
12:37:20,0.00129106
12:37:30,0.00129239
12:37:40,0.00128854
12:37:50,0.0013031
12:38:00,0.00131658
12:38:10,0.00132188
12:38:20,0.00133291
12:38:30,0.00132197
12:38:40,0.00132659
12:38:50,0.00131722
12:39:00,0.00131818
12:39:10,0.00132204
12:39:20,0.00130768
12:39:30,0.00132428
12:39:40,0.00131695
12:39:50,0.00133006
12:40:00,0.00133272
12:40:10,0.00132418
12:40:20,0.00134202
12:40:30,0.00133276
12:40:40,0.00134022
12:40:50,0.00133728
12:41:00,0.00135093
12:41:10,0.00134702
12:41:20,0.00135128
12:41:30,0.00132906
12:41:40,0.00132896
12:41:50,0.00133936
12:42:00,0.0013592
12:42:10,0.00136424
12:42:20,0.00136987
12:42:30,0.00137071
12:42:40,0.00137489
12:42:50,0.00138788
12:43:00,0.00140289
12:43:10,0.0013964
12:43:20,0.00140241
12:43:30,0.00138158
12:43:40,0.00137178
12:43:50,0.00138194
12:44:00,0.00136801
12:44:10,0.00135664
12:44:20,0.00136462
12:44:30,0.00136998
12:44:40,0.00135239
12:44:50,0.00134728
12:45:00,0.00133529
12:45:10,0.00134221
12:45:20,0.0013295
12:45:30,0.00134154
12:45:40,0.0013587
12:45:50,0.00136778
12:46:00,0.00138921
12:46:10,0.00139784
12:46:20,0.00141414
12:46:30,0.00142009
12:46:40,0.00142808
12:46:50,0.00144285
12:47:00,0.00145034
12:47:10,0.00144658
12:47:20,0.00144448
12:47:30,0.00144775
12:47:40,0.00145722
12:47:50,0.00146176
12:48:00,0.00146847
12:48:10,0.00147001
12:48:20,0.00147338
12:48:30,0.00146981
12:48:40,0.00146236
12:48:50,0.00145573
12:49:00,0.00143601
12:49:10,0.0014318
12:49:20,0.00143346
12:49:30,0.00141823
12:49:40,0.0014177
12:49:50,0.00141478
12:50:00,0.00141611
12:50:10,0.00140823
12:50:20,0.00140237
12:50:30,0.0013938
12:50:40,0.00138933
12:50:50,0.00138304
12:51:00,0.0013762
12:51:10,0.00136992
12:51:20,0.00135756
12:51:30,0.00136048
12:51:40,0.00136095
12:51:50,0.00137257
12:52:00,0.00137241
12:52:10,0.00138009
12:52:20,0.0013816
12:52:30,0.00138172
12:52:40,0.00137946
12:52:50,0.0013755
12:53:00,0.00137796
12:53:10,0.00137323
12:53:20,0.0013679
12:53:30,0.00136535
12:53:40,0.00136078
12:53:50,0.00136308
12:54:00,0.00136014
12:54:10,0.00135839
12:54:20,0.00135243
12:54:30,0.00136014
12:54:40,0.00135306
12:54:50,0.00135266
12:55:00,0.00134873
12:55:10,0.00134248
12:55:20,0.00133408
12:55:30,0.00134588
12:55:40,0.00135521
12:55:50,0.00137441
12:56:00,0.00137061
12:56:10,0.0013613
12:56:20,0.0013625
12:56:30,0.00136896
12:56:40,0.00135851
12:56:50,0.00135976
12:57:00,0.00135567
12:57:10,0.00134072
12:57:20,0.00134657
12:57:30,0.00134121
12:57:40,0.00133886
12:57:50,0.00133849
12:58:00,0.00134811
12:58:10,0.00135511
12:58:20,0.00135566
12:58:30,0.00135081
12:58:40,0.00133842
12:58:50,0.00134036
12:59:00,0.00133418
12:59:10,0.00132564
12:59:20,0.00131211
12:59:30,0.00130686
12:59:40,0.00130116
12:59:50,0.00129949
13:00:00,0.00128578
13:00:10,0.00127276
13:00:20,0.00127433
13:00:30,0.0012591
13:00:40,0.00125653
13:00:50,0.00122313
13:01:00,0.00120753
13:01:10,0.00119903
13:01:20,0.00120602
13:01:30,0.00121067
13:01:40,0.00121363
13:01:50,0.0012052
13:02:00,0.00120178
13:02:10,0.00118479
13:02:20,0.00119824
13:02:30,0.00120789
13:02:40,0.00120098
13:02:50,0.001218
13:03:00,0.001237
13:03:10,0.00122722
13:03:20,0.00123648
13:03:30,0.00122413
13:03:40,0.00122009
13:03:50,0.00120576
13:04:00,0.00118808
13:04:10,0.00117468
13:04:20,0.00115025
13:04:30,0.0011463
13:04:40,0.00114694
13:04:50,0.00114574
13:05:00,0.00114087
13:05:10,0.00112772
13:05:20,0.00111577
13:05:30,0.00111814
13:05:40,0.00110988
13:05:50,0.001109
13:06:00,0.00110493
13:06:10,0.0011153
13:06:20,0.00112084
13:06:30,0.00111035
13:06:40,0.00111429
13:06:50,0.00111626
13:07:00,0.00111296
13:07:10,0.00111097
13:07:20,0.00111637
13:07:30,0.00112647
13:07:40,0.00112235
13:07:50,0.00113003
13:08:00,0.00112096
13:08:10,0.00111207
13:08:20,0.001115
13:08:30,0.00110627
13:08:40,0.00111129
13:08:50,0.00110825
13:09:00,0.00110325
13:09:10,0.00109731
13:09:20,0.00110062
13:09:30,0.00109425
13:09:40,0.00110798
13:09:50,0.0010986
13:10:00,0.00108858
13:10:10,0.00108714
13:10:20,0.00108405
13:10:30,0.00107952
13:10:40,0.00108744
13:10:50,0.00108267
13:11:00,0.00109082
13:11:10,0.00105718
13:11:20,0.00104558
13:11:30,0.00104893
13:11:40,0.00104156
13:11:50,0.00102864
13:12:00,0.00102972
13:12:10,0.0010253
13:12:20,0.00102114
13:12:30,0.00101377
13:12:40,0.00102353
13:12:50,0.00102899
13:13:00,0.0010221
13:13:10,0.00100875
13:13:20,0.00101563
13:13:30,0.00102531
13:13:40,0.00104076
13:13:50,0.00104399
13:14:00,0.00104687
13:14:10,0.00105667
13:14:20,0.00106289
13:14:30,0.00106201
13:14:40,0.00106978
13:14:50,0.00106906
13:15:00,0.00106845
13:15:10,0.00106465
13:15:20,0.00105517
13:15:30,0.00104374
13:15:40,0.00103576
13:15:50,0.0010396
13:16:00,0.00102539
13:16:10,0.00101234
13:16:20,0.00101774
13:16:30,0.00100714
13:16:40,0.00100267
13:16:50,0.00098358
13:17:00,0.00097503
13:17:10,0.00097235
13:17:20,0.00095266
13:17:30,0.00095391
13:17:40,0.00096412
13:17:50,0.0009559
13:18:00,0.00095375
13:18:10,0.00097107
13:18:20,0.00094305
13:18:30,0.00096074
13:18:40,0.00097371
13:18:50,0.0009805
13:19:00,0.000983
13:19:10,0.00098206
13:19:20,0.00098517
13:19:30,0.00096674
13:19:40,0.00095779
13:19:50,0.00095388
13:20:00,0.00095673
13:20:10,0.00094196
13:20:20,0.00092839
13:20:30,0.00091505
13:20:40,0.00093897
13:20:50,0.00094056
13:21:00,0.0009505
13:21:10,0.00096181
13:21:20,0.00096477
13:21:30,0.00098761
13:21:40,0.00099454
13:21:50,0.00100127
13:22:00,0.00101613
13:22:10,0.00101219
13:22:20,0.00099768
13:22:30,0.00100445
13:22:40,0.00100004
13:22:50,0.00102189
13:23:00,0.00103353
13:23:10,0.00103625
13:23:20,0.00104165
13:23:30,0.00103161
13:23:40,0.00103388
13:23:50,0.00103804
13:24:00,0.0010551
13:24:10,0.0010517
13:24:20,0.00104603
13:24:30,0.00106975
13:24:40,0.00107746
13:24:50,0.00108808
13:25:00,0.00110544
13:25:10,0.00110508
13:25:20,0.0011259
13:25:30,0.00111621
13:25:40,0.0011255
13:25:50,0.00110953
13:26:00,0.00110465
13:26:10,0.00111684
13:26:20,0.00112187
13:26:30,0.00110633
13:26:40,0.00109229
13:26:50,0.00110101
13:27:00,0.00108546
13:27:10,0.00108114
13:27:20,0.00110535
13:27:30,0.00110885
13:27:40,0.00109559
13:27:50,0.00109912
13:28:00,0.00109684
13:28:10,0.00109237
13:28:20,0.00109153
13:28:30,0.00110177
13:28:40,0.00108489
13:28:50,0.00107778
13:29:00,0.00107931
13:29:10,0.00107733
13:29:20,0.00108596
13:29:30,0.00108495
13:29:40,0.00106894
13:29:50,0.00106186
13:30:00,0.00105976
13:30:10,0.0010622
13:30:20,0.00105545
13:30:30,0.00105943
13:30:40,0.00107172
13:30:50,0.00106793
13:31:00,0.00106803
13:31:10,0.00107798
13:31:20,0.00108749
13:31:30,0.00107765
13:31:40,0.00106886
13:31:50,0.00106262
13:32:00,0.00105883
13:32:10,0.00105388
13:32:20,0.0010308
13:32:30,0.00102609
13:32:40,0.00102858
13:32:50,0.00102898
13:33:00,0.00104242
13:33:10,0.00105636
13:33:20,0.0010478
13:33:30,0.00104209
13:33:40,0.00104244
13:33:50,0.0010556
13:34:00,0.00105224
13:34:10,0.00105224
13:34:20,0.00107107
13:34:30,0.00106175
13:34:40,0.00107876
13:34:50,0.00108947
13:35:00,0.00108668
13:35:10,0.00110028
13:35:20,0.00109841
13:35:30,0.00110403
13:35:40,0.00110904
13:35:50,0.00111125
13:36:00,0.00111381
13:36:10,0.0011182
13:36:20,0.00113696
13:36:30,0.00112703
13:36:40,0.00114597
13:36:50,0.00113083
13:37:00,0.00114151
13:37:10,0.00116248
13:37:20,0.00117889
13:37:30,0.0011734
13:37:40,0.00118343
13:37:50,0.00117319
13:38:00,0.00116838
13:38:10,0.00115365
13:38:20,0.00115139
13:38:30,0.00113275
13:38:40,0.00112416
13:38:50,0.00109334
13:39:00,0.00107481
13:39:10,0.00107136
13:39:20,0.00107221
13:39:30,0.00107507
13:39:40,0.00108305
13:39:50,0.00109482
13:40:00,0.00109355
13:40:10,0.00109497
13:40:20,0.00111261
13:40:30,0.00112386
13:40:40,0.00114573
13:40:50,0.00114616
13:41:00,0.00113484
13:41:10,0.00112955
13:41:20,0.00111077
13:41:30,0.00110445
13:41:40,0.00110964
13:41:50,0.00107634
13:42:00,0.00106635
13:42:10,0.00107111
13:42:20,0.00106851
13:42:30,0.00106434
13:42:40,0.00105731
13:42:50,0.00105578
13:43:00,0.00105879
13:43:10,0.00105194
13:43:20,0.00105068
13:43:30,0.00105107
13:43:40,0.00105905
13:43:50,0.00106557
13:44:00,0.00107118
13:44:10,0.00105759
13:44:20,0.00107253
13:44:30,0.0010773
13:44:40,0.00107131
13:44:50,0.00106801
13:45:00,0.00107758
13:45:10,0.00108851
13:45:20,0.00109145
13:45:30,0.00108771
13:45:40,0.00109773
13:45:50,0.00110023
13:46:00,0.00109098
13:46:10,0.00107932
13:46:20,0.00109254
13:46:30,0.00109067
13:46:40,0.00111068
13:46:50,0.00112106
13:47:00,0.00111795
13:47:10,0.00111987
13:47:20,0.00110341
13:47:30,0.00111341
13:47:40,0.00109789
13:47:50,0.00110734
13:48:00,0.00111473
13:48:10,0.00111308
13:48:20,0.00110433
13:48:30,0.00109545
13:48:40,0.00109489
13:48:50,0.00110518
13:49:00,0.00110298
13:49:10,0.00111752
13:49:20,0.0011348
13:49:30,0.00112501
13:49:40,0.0011225
13:49:50,0.00111376
13:50:00,0.00109973
13:50:10,0.00110687
13:50:20,0.00110355
13:50:30,0.00109438
13:50:40,0.00108789
13:50:50,0.00109318
13:51:00,0.00109135
13:51:10,0.00107474
13:51:20,0.00107146
13:51:30,0.001063
13:51:40,0.00105341
13:51:50,0.00106289
13:52:00,0.00105032
13:52:10,0.00104672
13:52:20,0.00102878
13:52:30,0.00101543
13:52:40,0.00100438
13:52:50,0.00099483
13:53:00,0.00097646
13:53:10,0.00094315
13:53:20,0.00094064
13:53:30,0.00094726
13:53:40,0.00093651
13:53:50,0.00094412
13:54:00,0.00093192
13:54:10,0.00094252
13:54:20,0.00094458
13:54:30,0.00095234
13:54:40,0.00095788
13:54:50,0.00094885
13:55:00,0.00095334
13:55:10,0.00096577
13:55:20,0.00096088
13:55:30,0.00097404
13:55:40,0.00097927
13:55:50,0.00096926
13:56:00,0.00096171
13:56:10,0.00096077
13:56:20,0.00096046
13:56:30,0.00095897
13:56:40,0.00095722
13:56:50,0.00095458
13:57:00,0.00094385
13:57:10,0.00092964
13:57:20,0.00094511
13:57:30,0.00095135
13:57:40,0.00094194
13:57:50,0.00096224
13:58:00,0.00096937
13:58:10,0.00097706
13:58:20,0.00097594
13:58:30,0.00097847
13:58:40,0.00098682
13:58:50,0.0009958
13:59:00,0.00100831
13:59:10,0.00100986
13:59:20,0.00103483
13:59:30,0.00105375
13:59:40,0.00106302
13:59:50,0.00105803
14:00:00,0.00106367
14:00:10,0.00106301
14:00:20,0.00107038
14:00:30,0.00108698
14:00:40,0.00106535
14:00:50,0.00101638
14:01:00,0.00108527
14:01:10,0.00108847
14:01:20,0.00108097
14:01:30,0.00106229
14:01:40,0.00106302
14:01:50,0.00105037
14:02:00,0.00104364
14:02:10,0.00103792
14:02:20,0.00103086
14:02:30,0.00101865
14:02:40,0.00102654
14:02:50,0.00102012
14:03:00,0.00099055
14:03:10,0.00097802
14:03:20,0.00095959
14:03:30,0.0009586
14:03:40,0.00095198
14:03:50,0.00094976
14:04:00,0.00095086
14:04:10,0.00093822
14:04:20,0.00092736
14:04:30,0.00090378
14:04:40,0.00089999
14:04:50,0.00088506
14:05:00,0.00088164
14:05:10,0.00088659
14:05:20,0.00088316
14:05:30,0.00087812
14:05:40,0.00088582
14:05:50,0.00088664
14:06:00,0.00087969
14:06:10,0.00087593
14:06:20,0.00086629
14:06:30,0.00085608
14:06:40,0.00084426
14:06:50,0.00084405
14:07:00,0.00084575
14:07:10,0.00084856
14:07:20,0.0008262
14:07:30,0.00087605
14:07:40,0.00087623
14:07:50,0.00086322
14:08:00,0.00084245
14:08:10,0.00082225
14:08:20,0.00080757
14:08:30,0.0007958
14:08:40,0.00078013
14:08:50,0.00076769
14:09:00,0.00075905
14:09:10,0.00075338
14:09:20,0.00075604
14:09:30,0.00077675
14:09:40,0.00078957
14:09:50,0.00078335
14:10:00,0.00079167
14:10:10,0.00079858
14:10:20,0.0008122
14:10:30,0.00082316
14:10:40,0.00082463
14:10:50,0.00083709
14:11:00,0.00082978
14:11:10,0.0008341
14:11:20,0.00082857
14:11:30,0.00083482
14:11:40,0.00083262
14:11:50,0.00082742
14:12:00,0.00082354
14:12:10,0.00081692
14:12:20,0.0008039
14:12:30,0.00079432
14:12:40,0.00080472
14:12:50,0.00080306
14:13:00,0.00079792
14:13:10,0.00079831
14:13:20,0.00078352
14:13:30,0.00079467
14:13:40,0.00077243
14:13:50,0.00076126
14:14:00,0.00078591
14:14:10,0.00077737
14:14:20,0.00075952
14:14:30,0.00075317
14:14:40,0.00073877
14:14:50,0.0007345
14:15:00,0.00072182
14:15:10,0.00070963
14:15:20,0.00070364
14:15:30,0.00071255
14:15:40,0.0007047
14:15:50,0.00071939
14:16:00,0.00073329
14:16:10,0.00072868
14:16:20,0.00074171
14:16:30,0.00075287
14:16:40,0.00075782
14:16:50,0.00075817
14:17:00,0.0007494
14:17:10,0.00074967
14:17:20,0.00074072
14:17:30,0.00072348
14:17:40,0.00070067
14:17:50,0.00068445
14:18:00,0.00065724
14:18:10,0.00066033
14:18:20,0.00064518
14:18:30,0.00063406
14:18:40,0.00062162
14:18:50,0.0006277
14:19:00,0.00064284
14:19:10,0.00065241
14:19:20,0.00067143
14:19:30,0.00069726
14:19:40,0.00071334
14:19:50,0.00070532
14:20:00,0.00071474
14:20:10,0.00074628
14:20:20,0.00075842
14:20:30,0.00074735
14:20:40,0.00074968
14:20:50,0.00076274
14:21:00,0.00076144
14:21:10,0.00076725
14:21:20,0.00077408
14:21:30,0.00077967
14:21:40,0.0007578
14:21:50,0.00077634
14:22:00,0.00078704
14:22:10,0.00079082
14:22:20,0.00079951
14:22:30,0.00080204
14:22:40,0.0007999
14:22:50,0.00078836
14:23:00,0.00078435
14:23:10,0.00078548
14:23:20,0.00079161
14:23:30,0.00078159
14:23:40,0.00077931
14:23:50,0.00076805
14:24:00,0.00075267
14:24:10,0.00073901
14:24:20,0.00074478
14:24:30,0.00073006
14:24:40,0.00070329
14:24:50,0.00070718
14:25:00,0.00068358
14:25:10,0.00066782
14:25:20,0.00067402
14:25:30,0.00065942
14:25:40,0.00067484
14:25:50,0.00066858
14:26:00,0.00063355
14:26:10,0.00061419
14:26:20,0.00060429
14:26:30,0.00057743
14:26:40,0.00056732
14:26:50,0.00053196
14:27:00,0.00052172
14:27:10,0.00050978
14:27:20,0.00049483
14:27:30,0.0004918
14:27:40,0.00050524
14:27:50,0.0005016
14:28:00,0.00052323
14:28:10,0.00052023
14:28:20,0.00054603
14:28:30,0.00054404
14:28:40,0.00056076
14:28:50,0.00056924
14:29:00,0.00057688
14:29:10,0.00057447
14:29:20,0.00057644
14:29:30,0.00056725
14:29:40,0.0005615
14:29:50,0.00056253
14:30:00,0.00055317
14:30:10,0.00057922
14:30:20,0.00059936
14:30:30,0.00059642
14:30:40,0.00060827
14:30:50,0.00063358
14:31:00,0.00064287
14:31:10,0.00065766
14:31:20,0.00065163
14:31:30,0.00066226
14:31:40,0.00065385
14:31:50,0.00065789
14:32:00,0.00064555
14:32:10,0.00065753
14:32:20,0.00067231
14:32:30,0.00067632
14:32:40,0.00069157
14:32:50,0.00069514
14:33:00,0.00069934
14:33:10,0.00069366
14:33:20,0.00070345
14:33:30,0.00067696
14:33:40,0.00067759
14:33:50,0.00067932
14:34:00,0.00068616
14:34:10,0.00068888
14:34:20,0.00070831
14:34:30,0.00073324
14:34:40,0.00074801
14:34:50,0.00074793
14:35:00,0.00075608
14:35:10,0.00076216
14:35:20,0.00076021
14:35:30,0.00077989
14:35:40,0.00079217
14:35:50,0.00078454
14:36:00,0.00075483
14:36:10,0.00074929
14:36:20,0.00074162
14:36:30,0.00073785
14:36:40,0.00073285
14:36:50,0.00072114
14:37:00,0.0007097
14:37:10,0.00071459
14:37:20,0.00070912
14:37:30,0.00071279
14:37:40,0.00072058
14:37:50,0.00073069
14:38:00,0.00071937
14:38:10,0.00071625
14:38:20,0.00072639
14:38:30,0.00071643
14:38:40,0.00071398
14:38:50,0.00072605
14:39:00,0.00071315
14:39:10,0.00072948
14:39:20,0.00072635
14:39:30,0.00073362
14:39:40,0.00071362
14:39:50,0.00070397
14:40:00,0.00069766
14:40:10,0.00069532
14:40:20,0.0006869
14:40:30,0.0006785
14:40:40,0.00067409
14:40:50,0.0006657
14:41:00,0.00065664
14:41:10,0.00065884
14:41:20,0.00065162
14:41:30,0.00066298
14:41:40,0.00066933
14:41:50,0.0006591
14:42:00,0.00065999
14:42:10,0.00067279
14:42:20,0.00067164
14:42:30,0.00067772
14:42:40,0.00068415
14:42:50,0.00068508
14:43:00,0.00069936
14:43:10,0.00069339
14:43:20,0.00070364
14:43:30,0.00070469
14:43:40,0.00071196
14:43:50,0.00070012
14:44:00,0.00069612
14:44:10,0.00069066
14:44:20,0.00068042
14:44:30,0.0006816
14:44:40,0.00066377
14:44:50,0.00067157
14:45:00,0.00066971
14:45:10,0.00066888
14:45:20,0.00067927
14:45:30,0.00068986
14:45:40,0.00069179
14:45:50,0.00071321
14:46:00,0.00070239
14:46:10,0.00071446
14:46:20,0.00070924
14:46:30,0.00071184
14:46:40,0.00068772
14:46:50,0.00067812
14:47:00,0.00067829
14:47:10,0.00067037
14:47:20,0.00066527
14:47:30,0.00063309
14:47:40,0.00062824
14:47:50,0.00061456
14:48:00,0.00061714
14:48:10,0.00060851
14:48:20,0.00060132
14:48:30,0.00059669
14:48:40,0.0005961
14:48:50,0.00056636
14:49:00,0.00054222
14:49:10,0.00053527
14:49:20,0.00051697
14:49:30,0.00051203
14:49:40,0.00050566
14:49:50,0.000482
14:50:00,0.00046563
14:50:10,0.00046966
14:50:20,0.00044889
14:50:30,0.00044804
14:50:40,0.00043816
14:50:50,0.00043297
14:51:00,0.00042405
14:51:10,0.0004318
14:51:20,0.00043706
14:51:30,0.00044184
14:51:40,0.0004578
14:51:50,0.00047367
14:52:00,0.00048931
14:52:10,0.00047758
14:52:20,0.00048982
14:52:30,0.00049361
14:52:40,0.00048502
14:52:50,0.00046899
14:53:00,0.00045575
14:53:10,0.00046333
14:53:20,0.00046246
14:53:30,0.00047549
14:53:40,0.00047695
14:53:50,0.00048868
14:54:00,0.00048732
14:54:10,0.00047096
14:54:20,0.00047824
14:54:30,0.00047271
14:54:40,0.00047869
14:54:50,0.00047902
14:55:00,0.00048617
14:55:10,0.0004969
14:55:20,0.00050613
14:55:30,0.00050117
14:55:40,0.00052902
14:55:50,0.00051715
14:56:00,0.00051482
14:56:10,0.00052023
14:56:20,0.00054143
14:56:30,0.0005576
14:56:40,0.00054949
14:56:50,0.00055854
14:57:00,0.00058217
14:57:10,0.00059208
14:57:20,0.0006061
14:57:30,0.00061122
14:57:40,0.00062284
14:57:50,0.00061816
14:58:00,0.00060207
14:58:10,0.00061671
14:58:20,0.00060092
14:58:30,0.00060056
14:58:40,0.00060861
14:58:50,0.00061322
14:59:00,0.00060836
14:59:10,0.0006036
14:59:20,0.00062222
14:59:30,0.00063733
14:59:40,0.0006491
14:59:50,0.0006754
15:00:00,0.00064646
15:00:10,0.00068881
15:00:20,0.00069938
15:00:30,0.00070988
15:00:40,0.0007305
15:00:50,0.00073313
15:01:00,0.00073798
15:01:10,0.00073714
15:01:20,0.00075683
15:01:30,0.00076988
15:01:40,0.00078607
15:01:50,0.00077215
15:02:00,0.00077916
15:02:10,0.00077224
15:02:20,0.00078753
15:02:30,0.00076183
15:02:40,0.00076165
15:02:50,0.00075492
15:03:00,0.00074355
15:03:10,0.00071606
15:03:20,0.00070606
15:03:30,0.00071351
15:03:40,0.00070531
15:03:50,0.00070754
15:04:00,0.00069816
15:04:10,0.00070832
15:04:20,0.00069427
15:04:30,0.00068308
15:04:40,0.00066611
15:04:50,0.00066588
15:05:00,0.00065145
15:05:10,0.00066901
15:05:20,0.0006751
15:05:30,0.00066714
15:05:40,0.000681
15:05:50,0.00066205
15:06:00,0.00065726
15:06:10,0.00066161
15:06:20,0.00064475
15:06:30,0.00064257
15:06:40,0.00063914
15:06:50,0.00064892
15:07:00,0.00064441
15:07:10,0.00064609
15:07:20,0.00066099
15:07:30,0.00064486
15:07:40,0.00064681
15:07:50,0.00065002
15:08:00,0.00064564
15:08:10,0.00065485
15:08:20,0.00065332
15:08:30,0.00064414
15:08:40,0.00064937
15:08:50,0.00063475
15:09:00,0.00062997
15:09:10,0.00062824
15:09:20,0.00062256
15:09:30,0.00061475
15:09:40,0.00061156
15:09:50,0.00061659
15:10:00,0.00059588
15:10:10,0.00061164
15:10:20,0.00061744
15:10:30,0.00061726
15:10:40,0.00062677
15:10:50,0.00063611
15:11:00,0.00064179
15:11:10,0.00063208
15:11:20,0.00064047
15:11:30,0.00062452
15:11:40,0.00060616
15:11:50,0.00060241
15:12:00,0.00058907
15:12:10,0.00058231
15:12:20,0.00057498
15:12:30,0.00056765
15:12:40,0.0005699
15:12:50,0.00057465
15:13:00,0.00058962
15:13:10,0.00057525
15:13:20,0.00058761
15:13:30,0.00058904
15:13:40,0.00060073
15:13:50,0.00060147
15:14:00,0.00061198
15:14:10,0.00057718
15:14:20,0.00058337
15:14:30,0.00058863
15:14:40,0.00057505
15:14:50,0.00056695
15:15:00,0.00055453
15:15:10,0.00054423
15:15:20,0.00056341
15:15:30,0.00057971
15:15:40,0.00059009
15:15:50,0.00058818
15:16:00,0.00060521
15:16:10,0.00059453
15:16:20,0.00062698
15:16:30,0.00061994
15:16:40,0.00061627
15:16:50,0.00061764
15:17:00,0.00059205
15:17:10,0.00058746
15:17:20,0.00061352
15:17:30,0.00062816
15:17:40,0.00064662
15:17:50,0.0006431
15:18:00,0.00063025
15:18:10,0.00063479
15:18:20,0.0006524
15:18:30,0.00066785
15:18:40,0.00068892
15:18:50,0.00072176
15:19:00,0.0007601
15:19:10,0.00082576
15:19:20,0.00086386
15:19:30,0.00093357
15:19:40,0.00100286
15:19:50,0.00110013
15:20:00,0.00132825
