9:01:00,0.00028264
9:01:10,0.00024193
9:01:20,0.00020266
9:01:30,0.0001976
9:01:40,0.00013636
9:01:50,0.00015334
9:02:00,0.00018159
9:02:10,0.00020476
9:02:20,0.00023998
9:02:30,0.00031301
9:02:40,0.00038353
9:02:50,0.00040191
9:03:00,0.00046788
9:03:10,0.00046597
9:03:20,0.00046366
9:03:30,0.00050388
9:03:40,0.00047116
9:03:50,0.00042481
9:04:00,0.00039077
9:04:10,0.00036048
9:04:20,0.00034564
9:04:30,0.00031853
9:04:40,0.00027462
9:04:50,0.00024627
9:05:00,0.00026346
9:05:10,0.00026337
9:05:20,0.00028819
9:05:30,0.00032292
9:05:40,0.00033131
9:05:50,0.00031723
9:06:00,0.00027304
9:06:10,0.00021184
9:06:20,0.00018212
9:06:30,0.00020166
9:06:40,0.0001788
9:06:50,0.00019816
9:07:00,0.00014186
9:07:10,0.00010163
9:07:20,0.00017843
9:07:30,0.00013657
9:07:40,0.00010982
9:07:50,0.00007695
9:08:00,0.00005601
9:08:10,-0.00000591
9:08:20,-0.00000759
9:08:30,0.00000868
9:08:40,-0.00002327
9:08:50,-0.00001808
9:09:00,-0.00005382
9:09:10,-0.00006735
9:09:20,-0.00005287
9:09:30,0.00000913
9:09:40,0.00000367
9:09:50,-0.00002036
9:10:00,-0.00001768
9:10:10,-0.00008401
9:10:20,-0.00005352
9:10:30,-0.00006452
9:10:40,-0.00002521
9:10:50,-0.00003646
9:11:00,-0.00004321
9:11:10,-0.00003731
9:11:20,0.00000902
9:11:30,0.00003408
9:11:40,0.00003213
9:11:50,-0.00003212
9:12:00,0.00006412
9:12:10,0.00001948
9:12:20,0.00001427
9:12:30,0.00003238
9:12:40,0.00004626
9:12:50,0.00003272
9:13:00,0.00005575
9:13:10,0.00006641
9:13:20,0.00010415
9:13:30,0.00010474
9:13:40,0.00012471
9:13:50,0.00015534
9:14:00,0.00017678
9:14:10,0.00017515
9:14:20,0.0001545
9:14:30,0.00012911
9:14:40,0.000155
9:14:50,0.00011668
9:15:00,0.00006624
9:15:10,0.00003191
9:15:20,0.00001684
9:15:30,0.00004939
9:15:40,0.00006828
9:15:50,0.00007582
9:16:00,0.00009755
9:16:10,0.00007966
9:16:20,0.00008509
9:16:30,0.0001075
9:16:40,0.00009145
9:16:50,0.0000824
9:17:00,0.00002901
9:17:10,0.00004279
9:17:20,0.00004512
9:17:30,0.0000373
9:17:40,0.0000764
9:17:50,0.00007912
9:18:00,0.00009566
9:18:10,0.00012984
9:18:20,0.00009545
9:18:30,0.0000851
9:18:40,0.00002414
9:18:50,0.00001991
9:19:00,0.00000946
9:19:10,-0.00000468
9:19:20,0.000005
9:19:30,0.0000081
9:19:40,0.00000607
9:19:50,0.00001116
9:20:00,0.00003449
9:20:10,0.00000349
9:20:20,0.00000276
9:20:30,-0.00001067
9:20:40,-0.00000236
9:20:50,-0.00006063
9:21:00,-0.000011
9:21:10,0.00000704
9:21:20,0.00002121
9:21:30,0.0000062
9:21:40,0.00002333
9:21:50,0.00003094
9:22:00,0.00006665
9:22:10,0.00005974
9:22:20,0.00004071
9:22:30,0.00006304
9:22:40,0.00004308
9:22:50,0.00003426
9:23:00,0.00003473
9:23:10,0.00000092
9:23:20,0.00004396
9:23:30,0.00002757
9:23:40,0.00002127
9:23:50,0.00006948
9:24:00,0.0000404
9:24:10,0.0000574
9:24:20,0.00002022
9:24:30,0.00003793
9:24:40,0.00006721
9:24:50,0.00013884
9:25:00,0.00013932
9:25:10,0.00016021
9:25:20,0.00015553
9:25:30,0.00016167
9:25:40,0.00016086
9:25:50,0.00013548
9:26:00,0.00007372
9:26:10,0.00005599
9:26:20,0.00006589
9:26:30,0.00002601
9:26:40,0.00003013
9:26:50,0.00008325
9:27:00,0.00002876
9:27:10,0.00006546
9:27:20,0.00006175
9:27:30,0.0001143
9:27:40,0.00012933
9:27:50,0.00014936
9:28:00,0.00010783
9:28:10,0.00014843
9:28:20,0.00014295
9:28:30,0.00010384
9:28:40,0.00012835
9:28:50,0.00013522
9:29:00,0.00011389
9:29:10,0.00012058
9:29:20,0.00010758
9:29:30,0.00009132
9:29:40,0.00011722
9:29:50,0.00009259
9:30:00,0.00007621
9:30:10,0.00010039
9:30:20,0.00010354
9:30:30,0.00008407
9:30:40,0.00006358
9:30:50,0.00005465
9:31:00,0.00007447
9:31:10,0.0000669
9:31:20,0.00014599
9:31:30,0.00018146
9:31:40,0.00018133
9:31:50,0.00015822
9:32:00,0.00018197
9:32:10,0.00018552
9:32:20,0.00022363
9:32:30,0.00018481
9:32:40,0.00021001
9:32:50,0.00022876
9:33:00,0.00026668
9:33:10,0.000305
9:33:20,0.00030825
9:33:30,0.00026399
9:33:40,0.00026999
9:33:50,0.00026033
9:34:00,0.00023242
9:34:10,0.00022943
9:34:20,0.00023864
9:34:30,0.00022114
9:34:40,0.00018344
9:34:50,0.00021668
9:35:00,0.00019876
9:35:10,0.00014865
9:35:20,0.00018978
9:35:30,0.00018341
9:35:40,0.00020631
9:35:50,0.00023669
9:36:00,0.00021385
9:36:10,0.00019452
9:36:20,0.00016857
9:36:30,0.00016753
9:36:40,0.00011572
9:36:50,0.00014998
9:37:00,0.00009404
9:37:10,0.00003844
9:37:20,0.00005922
9:37:30,0.00008412
9:37:40,0.00006975
9:37:50,0.00008926
9:38:00,0.00005912
9:38:10,0.00007845
9:38:20,0.0000697
9:38:30,0.00012061
9:38:40,0.0001149
9:38:50,0.00006986
9:39:00,0.00010256
9:39:10,0.00009415
9:39:20,0.00011269
9:39:30,0.00009381
9:39:40,0.00007516
9:39:50,0.00002567
9:40:00,0.00006744
9:40:10,0.00005164
9:40:20,0.00007148
9:40:30,0.0000836
9:40:40,0.00001549
9:40:50,0.00001065
9:41:00,0.00001493
9:41:10,-0.00001222
9:41:20,0.00001906
9:41:30,0.00002105
9:41:40,0.00000605
9:41:50,-0.00001044
9:42:00,-0.00002102
9:42:10,0.00000593
9:42:20,-0.00003738
9:42:30,-0.00005649
9:42:40,-0.00003111
9:42:50,-0.00003621
9:43:00,-0.00005012
9:43:10,-0.00003252
9:43:20,-0.00008065
9:43:30,-0.0001095
9:43:40,-0.00010089
9:43:50,-0.00007802
9:44:00,-0.000042
9:44:10,-0.00009951
9:44:20,-0.00012153
9:44:30,-0.00010329
9:44:40,-0.00015642
9:44:50,-0.00014248
9:45:00,-0.00014993
9:45:10,-0.00010611
9:45:20,-0.00011285
9:45:30,-0.00007458
9:45:40,-0.00009056
9:45:50,-0.00010973
9:46:00,-0.00005165
9:46:10,-0.00008959
9:46:20,-0.00007225
9:46:30,-0.00007431
9:46:40,-0.00007099
9:46:50,-0.00005876
9:47:00,-0.00005147
9:47:10,-0.00009075
9:47:20,-0.00008383
9:47:30,-0.00005003
9:47:40,-0.00010613
9:47:50,-0.00012765
9:48:00,-0.00008774
9:48:10,-0.00005729
9:48:20,-0.00007011
9:48:30,-0.00004216
9:48:40,-0.00006041
9:48:50,-0.00005435
9:49:00,-0.00004834
9:49:10,-0.00003989
9:49:20,-0.00004072
9:49:30,-0.00000529
9:49:40,-0.00002744
9:49:50,-0.00000505
9:50:00,-0.00001723
9:50:10,-0.00002473
9:50:20,0.00001148
9:50:30,0.0000236
9:50:40,-0.00000333
9:50:50,0.00000217
9:51:00,-0.00002272
9:51:10,0.0000139
9:51:20,-0.00001273
9:51:30,0.0000006
9:51:40,0.00002656
9:51:50,0.00001033
9:52:00,0.00001334
9:52:10,0.00002365
9:52:20,0.00004374
9:52:30,0.00000685
9:52:40,0.00000892
9:52:50,0.00007259
9:53:00,0.00007243
9:53:10,0.00003159
9:53:20,0.00008031
9:53:30,0.0000855
9:53:40,0.00005237
9:53:50,0.00005457
9:54:00,0.00003556
9:54:10,0.00003185
9:54:20,0.00004319
9:54:30,0.00000839
9:54:40,-0.0000256
9:54:50,0.00002028
9:55:00,-0.00005145
9:55:10,-0.00005808
9:55:20,-0.00006799
9:55:30,-0.00008262
9:55:40,-0.00008292
9:55:50,-0.00007418
9:56:00,-0.00007738
9:56:10,-0.00003024
9:56:20,-0.00008822
9:56:30,-0.00005132
9:56:40,-0.00002595
9:56:50,-0.00006235
9:57:00,-0.00004604
9:57:10,-0.00004331
9:57:20,-0.00004003
9:57:30,-0.00006008
9:57:40,-0.00005735
9:57:50,-0.00010376
9:58:00,-0.00009233
9:58:10,-0.00011813
9:58:20,-0.0001045
9:58:30,-0.00010165
9:58:40,-0.00012343
9:58:50,-0.00009819
9:59:00,-0.00007565
9:59:10,-0.00010275
9:59:20,-0.0001265
9:59:30,-0.00012068
9:59:40,-0.00012959
9:59:50,-0.0001225
10:00:00,-0.00016614
10:00:10,-0.00012968
10:00:20,-0.00007585
10:00:30,-0.00004768
10:00:40,-0.00006904
10:00:50,0.00000415
10:01:00,-0.00001212
10:01:10,0.00000054
10:01:20,-0.00003832
10:01:30,-0.00001086
10:01:40,-0.00001266
10:01:50,0.00001244
10:02:00,-0.00002999
10:02:10,-0.00004489
10:02:20,-0.00005556
10:02:30,-0.00006332
10:02:40,-0.00010219
10:02:50,-0.00011468
10:03:00,-0.00014243
10:03:10,-0.0000798
10:03:20,-0.00009701
10:03:30,-0.00012982
10:03:40,-0.00010756
10:03:50,-0.00007372
10:04:00,-0.00004967
10:04:10,-0.00004762
10:04:20,-0.00006377
10:04:30,-0.00009243
10:04:40,-0.00003572
10:04:50,-0.00009169
10:05:00,-0.0000999
10:05:10,-0.00012451
10:05:20,-0.000148
10:05:30,-0.00016323
10:05:40,-0.00020537
10:05:50,-0.00014721
10:06:00,-0.00016086
10:06:10,-0.00011865
10:06:20,-0.00012013
10:06:30,-0.00009834
10:06:40,-0.0000782
10:06:50,-0.00003216
10:07:00,-0.00007686
10:07:10,-0.00003503
10:07:20,-0.00006869
10:07:30,-0.0000435
10:07:40,-0.00007337
10:07:50,-0.00008929
10:08:00,-0.00004343
10:08:10,-0.00006955
10:08:20,-0.00005349
10:08:30,-0.00010633
10:08:40,-0.00013803
10:08:50,-0.0000948
10:09:00,-0.00008682
10:09:10,-0.00001341
10:09:20,-0.00006525
10:09:30,-0.00005706
10:09:40,-0.00009234
10:09:50,-0.00011886
10:10:00,-0.0001194
10:10:10,-0.000102
10:10:20,-0.00013855
10:10:30,-0.00018864
10:10:40,-0.00016216
10:10:50,-0.00017088
10:11:00,-0.00015746
10:11:10,-0.00018934
10:11:20,-0.00013744
10:11:30,-0.00016632
10:11:40,-0.00018691
10:11:50,-0.00019118
10:12:00,-0.00020478
10:12:10,-0.0001669
10:12:20,-0.00017606
10:12:30,-0.00018236
10:12:40,-0.00025227
10:12:50,-0.00022241
10:13:00,-0.0001959
10:13:10,-0.00014939
10:13:20,-0.00021332
10:13:30,-0.00021153
10:13:40,-0.00021581
10:13:50,-0.00022437
10:14:00,-0.0002421
10:14:10,-0.00022491
10:14:20,-0.00022226
10:14:30,-0.00021639
10:14:40,-0.00022936
10:14:50,-0.00025526
10:15:00,-0.00023857
10:15:10,-0.00025737
10:15:20,-0.00025054
10:15:30,-0.00023352
10:15:40,-0.00023005
10:15:50,-0.00022175
10:16:00,-0.00025107
10:16:10,-0.00024014
10:16:20,-0.00021449
10:16:30,-0.00016742
10:16:40,-0.00017699
10:16:50,-0.00016634
10:17:00,-0.00015729
10:17:10,-0.00010531
10:17:20,-0.00010314
10:17:30,-0.00006859
10:17:40,-0.00006422
10:17:50,-0.0000386
10:18:00,-0.00007483
10:18:10,-0.00007791
10:18:20,-0.00007371
10:18:30,-0.00008557
10:18:40,-0.0001254
10:18:50,-0.00011971
10:19:00,-0.00014642
10:19:10,-0.0001229
10:19:20,-0.00013003
10:19:30,-0.00013465
10:19:40,-0.00018152
10:19:50,-0.00012112
10:20:00,-0.00015583
10:20:10,-0.00010381
10:20:20,-0.0000609
10:20:30,-0.00007674
10:20:40,-0.00007612
10:20:50,-0.00007239
10:21:00,-0.00013014
10:21:10,-0.0001021
10:21:20,-0.00009932
10:21:30,-0.00011799
10:21:40,-0.00007572
10:21:50,-0.00007377
10:22:00,-0.00007618
10:22:10,-0.00009449
10:22:20,-0.00012126
10:22:30,-0.00004315
10:22:40,-0.00008015
10:22:50,-0.00004228
10:23:00,-0.00010857
10:23:10,-0.00007888
10:23:20,-0.00010789
10:23:30,-0.00012173
10:23:40,-0.00010821
10:23:50,-0.00008872
10:24:00,-0.00006219
10:24:10,-0.00002373
10:24:20,-0.00007284
10:24:30,-0.00004439
10:24:40,-0.00005054
10:24:50,-0.00006575
10:25:00,-0.0000518
10:25:10,-0.00005284
10:25:20,-0.00001966
10:25:30,-0.00004956
10:25:40,0.00002019
10:25:50,0.00000993
10:26:00,0.00004369
10:26:10,0.0000239
10:26:20,0.00003801
10:26:30,0.00001341
10:26:40,0.00001007
10:26:50,0.00000672
10:27:00,0.00002094
10:27:10,0.00003478
10:27:20,0.00001016
10:27:30,0.00005379
10:27:40,0.00002725
10:27:50,0.00001182
10:28:00,-0.00002887
10:28:10,-0.00002279
10:28:20,-0.00000408
10:28:30,-0.00001309
10:28:40,-0.00003182
10:28:50,-0.00004916
10:29:00,-0.00007304
10:29:10,-0.00010303
10:29:20,-0.00010659
10:29:30,-0.00008276
10:29:40,-0.00006011
10:29:50,-0.00007702
10:30:00,-0.00003932
10:30:10,-0.00002789
10:30:20,-0.00000132
10:30:30,0.00002379
10:30:40,0.00004477
10:30:50,-0.00000509
10:31:00,0.00002128
10:31:10,0.00003029
10:31:20,0.00001028
10:31:30,0.00002889
10:31:40,0.00003314
10:31:50,0.0000302
10:32:00,0.0001069
10:32:10,0.00005801
10:32:20,0.00004814
10:32:30,0.00002848
10:32:40,0.00008322
10:32:50,0.00006089
10:33:00,0.00002828
10:33:10,0.00005021
10:33:20,0.00009917
10:33:30,0.0001176
10:33:40,0.00010977
10:33:50,0.00013659
10:34:00,0.00013246
10:34:10,0.00018477
10:34:20,0.00016222
10:34:30,0.00020154
10:34:40,0.00017203
10:34:50,0.00016211
10:35:00,0.00014518
10:35:10,0.00014662
10:35:20,0.00016333
10:35:30,0.00018688
10:35:40,0.00018756
10:35:50,0.00013968
10:36:00,0.00016992
10:36:10,0.00021433
10:36:20,0.00017952
10:36:30,0.00018339
10:36:40,0.00017382
10:36:50,0.00016852
10:37:00,0.00019353
10:37:10,0.00017785
10:37:20,0.0002064
10:37:30,0.00015806
10:37:40,0.00014249
10:37:50,0.00014488
10:38:00,0.00017301
10:38:10,0.00011182
10:38:20,0.00013698
10:38:30,0.00015112
10:38:40,0.00010702
10:38:50,0.0000867
10:39:00,0.00008797
10:39:10,0.00010995
10:39:20,0.00017412
10:39:30,0.00016369
10:39:40,0.00012173
10:39:50,0.00012087
10:40:00,0.00010356
10:40:10,0.00013305
10:40:20,0.00017852
10:40:30,0.0001563
10:40:40,0.00012242
10:40:50,0.00008821
10:41:00,0.00008957
10:41:10,0.00003074
10:41:20,0.00005649
10:41:30,0.00002734
10:41:40,-0.00001086
10:41:50,-0.00005054
10:42:00,-0.00003383
10:42:10,-0.0000379
10:42:20,-0.00007137
10:42:30,-0.00006755
10:42:40,-0.00010384
10:42:50,-0.00012333
10:43:00,-0.00014065
10:43:10,-0.00010483
10:43:20,-0.0001191
10:43:30,-0.00009246
10:43:40,-0.00012053
10:43:50,-0.00009286
10:44:00,-0.00011735
10:44:10,-0.00012173
10:44:20,-0.0001353
10:44:30,-0.00011727
10:44:40,-0.00013004
10:44:50,-0.00014235
10:45:00,-0.00019402
10:45:10,-0.00017035
10:45:20,-0.00019334
10:45:30,-0.00019231
10:45:40,-0.00018045
10:45:50,-0.0002312
10:46:00,-0.00021927
10:46:10,-0.0001998
10:46:20,-0.0001859
10:46:30,-0.00016722
10:46:40,-0.00015116
10:46:50,-0.00013533
10:47:00,-0.00016336
10:47:10,-0.0001858
10:47:20,-0.00020523
10:47:30,-0.0002257
10:47:40,-0.00016015
10:47:50,-0.00020973
10:48:00,-0.00016714
10:48:10,-0.00019864
10:48:20,-0.00020794
10:48:30,-0.00018264
10:48:40,-0.00020395
10:48:50,-0.00018445
10:49:00,-0.00020584
10:49:10,-0.00021069
10:49:20,-0.00020959
10:49:30,-0.000161
10:49:40,-0.00015035
10:49:50,-0.00015048
10:50:00,-0.00013863
10:50:10,-0.0001297
10:50:20,-0.0001047
10:50:30,-0.00013793
10:50:40,-0.00014611
10:50:50,-0.0002146
10:51:00,-0.00016325
10:51:10,-0.00015659
10:51:20,-0.00009325
10:51:30,-0.00010433
10:51:40,-0.00010694
10:51:50,-0.0000737
10:52:00,-0.00012648
10:52:10,-0.00009965
10:52:20,-0.00013123
10:52:30,-0.00012027
10:52:40,-0.00015479
10:52:50,-0.0001028
10:53:00,-0.00011477
10:53:10,-0.000135
10:53:20,-0.00013923
10:53:30,-0.00013009
10:53:40,-0.00009829
10:53:50,-0.00007721
10:54:00,-0.00008543
10:54:10,-0.00004568
10:54:20,-0.00006244
10:54:30,-0.00005525
10:54:40,-0.00010578
10:54:50,-0.0001
10:55:00,-0.00010325
10:55:10,-0.00007678
10:55:20,-0.00009114
10:55:30,-0.00005465
10:55:40,-0.0001032
10:55:50,-0.00015529
10:56:00,-0.00012488
10:56:10,-0.00011167
10:56:20,-0.00012899
10:56:30,-0.00013055
10:56:40,-0.00009992
10:56:50,-0.00012829
10:57:00,-0.0001238
10:57:10,-0.00009913
10:57:20,-0.00011357
10:57:30,-0.00011988
10:57:40,-0.00012107
10:57:50,-0.00011542
10:58:00,-0.00014144
10:58:10,-0.00015769
10:58:20,-0.00016591
10:58:30,-0.0001972
10:58:40,-0.00019632
10:58:50,-0.00019227
10:59:00,-0.00020817
10:59:10,-0.00019134
10:59:20,-0.00018888
10:59:30,-0.00015366
10:59:40,-0.00017579
10:59:50,-0.0001693
11:00:00,-0.00016534
11:00:10,-0.00010764
11:00:20,-0.00018663
11:00:30,-0.00017467
11:00:40,-0.00022636
11:00:50,-0.00026714
11:01:00,-0.0003004
11:01:10,-0.00028988
11:01:20,-0.00032742
11:01:30,-0.00030045
11:01:40,-0.00032741
11:01:50,-0.00030283
11:02:00,-0.00030135
11:02:10,-0.00031834
11:02:20,-0.00032718
11:02:30,-0.00033737
11:02:40,-0.00037792
11:02:50,-0.00039272
11:03:00,-0.00032961
11:03:10,-0.00037539
11:03:20,-0.00038384
11:03:30,-0.00037053
11:03:40,-0.00038718
11:03:50,-0.00039512
11:04:00,-0.00040417
11:04:10,-0.00043333
11:04:20,-0.00047489
11:04:30,-0.00042476
11:04:40,-0.00039774
11:04:50,-0.00036199
11:05:00,-0.0003805
11:05:10,-0.00037401
11:05:20,-0.00037546
11:05:30,-0.00041415
11:05:40,-0.00042796
11:05:50,-0.00042339
11:06:00,-0.00038882
11:06:10,-0.00039452
11:06:20,-0.0003532
11:06:30,-0.00038606
11:06:40,-0.0003591
11:06:50,-0.00038648
11:07:00,-0.00039135
11:07:10,-0.00034697
11:07:20,-0.00037896
11:07:30,-0.0003736
11:07:40,-0.00039809
11:07:50,-0.00039962
11:08:00,-0.00036073
11:08:10,-0.00040956
11:08:20,-0.00042681
11:08:30,-0.00041207
11:08:40,-0.00037896
11:08:50,-0.00041729
11:09:00,-0.00038728
11:09:10,-0.00037418
11:09:20,-0.00039719
11:09:30,-0.00042168
11:09:40,-0.00039536
11:09:50,-0.00042309
11:10:00,-0.00039437
11:10:10,-0.00042918
11:10:20,-0.00045895
11:10:30,-0.00046905
11:10:40,-0.00046239
11:10:50,-0.00047026
11:11:00,-0.00046275
11:11:10,-0.00049161
11:11:20,-0.00051709
11:11:30,-0.00048204
11:11:40,-0.00049961
11:11:50,-0.00049988
11:12:00,-0.00045922
11:12:10,-0.00042871
11:12:20,-0.00046392
11:12:30,-0.00045534
11:12:40,-0.00047155
11:12:50,-0.00047619
11:13:00,-0.00045429
11:13:10,-0.00041975
11:13:20,-0.00047879
11:13:30,-0.00046827
11:13:40,-0.00046578
11:13:50,-0.00049668
11:14:00,-0.00046473
11:14:10,-0.00044047
11:14:20,-0.00045102
11:14:30,-0.00047372
11:14:40,-0.00045621
11:14:50,-0.00042723
11:15:00,-0.00044698
11:15:10,-0.00043035
11:15:20,-0.00036558
11:15:30,-0.0004082
11:15:40,-0.0004154
11:15:50,-0.00040528
11:16:00,-0.00041228
11:16:10,-0.0004083
11:16:20,-0.00041377
11:16:30,-0.00038612
11:16:40,-0.00044632
11:16:50,-0.00043477
11:17:00,-0.00041186
11:17:10,-0.00041818
11:17:20,-0.00041748
11:17:30,-0.00043874
11:17:40,-0.00041187
11:17:50,-0.00038692
11:18:00,-0.00041053
11:18:10,-0.0003889
11:18:20,-0.00040446
11:18:30,-0.00039749
11:18:40,-0.00038898
11:18:50,-0.00040639
11:19:00,-0.00036888
11:19:10,-0.00033091
11:19:20,-0.0003545
11:19:30,-0.00038651
11:19:40,-0.00030072
11:19:50,-0.00032701
11:20:00,-0.00031722
11:20:10,-0.00029754
11:20:20,-0.0002906
11:20:30,-0.0002513
11:20:40,-0.0002737
11:20:50,-0.00026903
11:21:00,-0.00024188
11:21:10,-0.00023998
11:21:20,-0.000251
11:21:30,-0.00022819
11:21:40,-0.00016576
11:21:50,-0.00018837
11:22:00,-0.00019754
11:22:10,-0.00018068
11:22:20,-0.00021047
11:22:30,-0.00022695
11:22:40,-0.00021617
11:22:50,-0.00021105
11:23:00,-0.00017086
11:23:10,-0.00020192
11:23:20,-0.00018498
11:23:30,-0.00018683
11:23:40,-0.00015002
11:23:50,-0.00015437
11:24:00,-0.00017245
11:24:10,-0.00018587
11:24:20,-0.00018335
11:24:30,-0.00018523
11:24:40,-0.00021942
11:24:50,-0.00020632
11:25:00,-0.0002166
11:25:10,-0.00022913
11:25:20,-0.00023378
11:25:30,-0.00019855
11:25:40,-0.000216
11:25:50,-0.00022549
11:26:00,-0.00016897
11:26:10,-0.00019352
11:26:20,-0.0002001
11:26:30,-0.00018209
11:26:40,-0.00019291
11:26:50,-0.00020273
11:27:00,-0.00019624
11:27:10,-0.00019292
11:27:20,-0.00019977
11:27:30,-0.00017069
11:27:40,-0.00017025
11:27:50,-0.00015803
11:28:00,-0.00013534
11:28:10,-0.00013734
11:28:20,-0.00013155
11:28:30,-0.00011815
11:28:40,-0.00014737
11:28:50,-0.00014724
11:29:00,-0.00016131
11:29:10,-0.00018317
11:29:20,-0.00016773
11:29:30,-0.00012544
11:29:40,-0.00014383
11:29:50,-0.00012238
11:30:00,-0.00011718
11:30:10,-0.00016401
11:30:20,-0.00014003
11:30:30,-0.00014689
11:30:40,-0.00012774
11:30:50,-0.00019916
11:31:00,-0.00020946
11:31:10,-0.00021235
11:31:20,-0.0002093
11:31:30,-0.00018172
11:31:40,-0.00018579
11:31:50,-0.00018618
11:32:00,-0.00018712
11:32:10,-0.00021405
11:32:20,-0.00018212
11:32:30,-0.00019706
11:32:40,-0.00018562
11:32:50,-0.00021565
11:33:00,-0.00017186
11:33:10,-0.00016819
11:33:20,-0.00018178
11:33:30,-0.00020491
11:33:40,-0.00020571
11:33:50,-0.00018692
11:34:00,-0.00024478
11:34:10,-0.00020879
11:34:20,-0.00019206
11:34:30,-0.00017368
11:34:40,-0.00016383
11:34:50,-0.0001239
11:35:00,-0.00016199
11:35:10,-0.00017086
11:35:20,-0.00017316
11:35:30,-0.00017194
11:35:40,-0.00016051
11:35:50,-0.00014956
11:36:00,-0.00010766
11:36:10,-0.00013522
11:36:20,-0.00010809
11:36:30,-0.0001131
11:36:40,-0.00012118
11:36:50,-0.00015016
11:37:00,-0.00011532
11:37:10,-0.00012917
11:37:20,-0.0001547
11:37:30,-0.00010878
11:37:40,-0.00009244
11:37:50,-0.00012423
11:38:00,-0.00013183
11:38:10,-0.00011531
11:38:20,-0.00010939
11:38:30,-0.0000986
11:38:40,-0.00014918
11:38:50,-0.00010787
11:39:00,-0.00011653
11:39:10,-0.00009317
11:39:20,-0.00007602
11:39:30,-0.00008999
11:39:40,-0.00012115
11:39:50,-0.00010631
11:40:00,-0.00007421
11:40:10,-0.00007811
11:40:20,-0.0001158
11:40:30,-0.00009231
11:40:40,-0.00008787
11:40:50,-0.00008142
11:41:00,-0.00012057
11:41:10,-0.00012342
11:41:20,-0.00011819
11:41:30,-0.00007719
11:41:40,-0.00006919
11:41:50,-0.00005634
11:42:00,-0.00008581
11:42:10,-0.00007772
11:42:20,-0.00009276
11:42:30,-0.00007875
11:42:40,-0.00004767
11:42:50,-0.0000775
11:43:00,-0.00007498
11:43:10,-0.00006642
11:43:20,-0.00006853
11:43:30,-0.00007981
11:43:40,-0.00007658
11:43:50,-0.00008222
11:44:00,-0.00008214
11:44:10,-0.00007501
11:44:20,-0.00004962
11:44:30,-0.00005125
11:44:40,-0.00008472
11:44:50,-0.00010967
11:45:00,-0.00014454
11:45:10,-0.00011
11:45:20,-0.00009368
11:45:30,-0.00004047
11:45:40,-0.00004528
11:45:50,-0.00003589
11:46:00,-0.00006678
11:46:10,-0.0000654
11:46:20,-0.00007285
11:46:30,-0.00008213
11:46:40,-0.00012265
11:46:50,-0.00013869
11:47:00,-0.00012109
11:47:10,-0.00011887
11:47:20,-0.00009434
11:47:30,-0.00011294
11:47:40,-0.00012095
11:47:50,-0.00011917
11:48:00,-0.00012091
11:48:10,-0.00009946
11:48:20,-0.00010536
11:48:30,-0.00004956
11:48:40,-0.0000841
11:48:50,-0.00007879
11:49:00,-0.00008885
11:49:10,-0.00009585
11:49:20,-0.00014062
11:49:30,-0.00012842
11:49:40,-0.00011769
11:49:50,-0.00012803
11:50:00,-0.00011595
11:50:10,-0.00009477
11:50:20,-0.00009896
11:50:30,-0.00010102
11:50:40,-0.00010236
11:50:50,-0.00013018
11:51:00,-0.00009797
11:51:10,-0.00011886
11:51:20,-0.00008313
11:51:30,-0.00011329
11:51:40,-0.00010425
11:51:50,-0.00013728
11:52:00,-0.0001489
11:52:10,-0.00010777
11:52:20,-0.00010625
11:52:30,-0.0000921
11:52:40,-0.0001226
11:52:50,-0.00011516
11:53:00,-0.00014287
11:53:10,-0.00016971
11:53:20,-0.00015184
11:53:30,-0.00016343
11:53:40,-0.00020661
11:53:50,-0.00023597
11:54:00,-0.00019623
11:54:10,-0.00016961
11:54:20,-0.0001637
11:54:30,-0.00018488
11:54:40,-0.00019808
11:54:50,-0.00018567
11:55:00,-0.00017748
11:55:10,-0.00018686
11:55:20,-0.00015259
11:55:30,-0.00018601
11:55:40,-0.00015533
11:55:50,-0.0001407
11:56:00,-0.00013825
11:56:10,-0.00010567
11:56:20,-0.00008899
11:56:30,-0.00013331
11:56:40,-0.00010383
11:56:50,-0.00008571
11:57:00,-0.00007874
11:57:10,-0.00007088
11:57:20,-0.00009953
11:57:30,-0.00010179
11:57:40,-0.00009971
11:57:50,-0.00007565
11:58:00,-0.00008473
11:58:10,-0.00008494
11:58:20,-0.00010493
11:58:30,-0.0001205
11:58:40,-0.00011431
11:58:50,-0.00014305
11:59:00,-0.00014352
11:59:10,-0.00012967
11:59:20,-0.00013125
11:59:30,-0.0001649
11:59:40,-0.00015865
11:59:50,-0.00012594
12:00:00,-0.00019497
12:00:10,-0.00014822
12:00:20,-0.00014378
12:00:30,-0.00014119
12:00:40,-0.0001356
12:00:50,-0.00013932
12:01:00,-0.00012686
12:01:10,-0.00012759
12:01:20,-0.00014244
12:01:30,-0.0000964
12:01:40,-0.00014971
12:01:50,-0.00014975
12:02:00,-0.00015083
12:02:10,-0.00012013
12:02:20,-0.00012973
12:02:30,-0.00012691
12:02:40,-0.00016738
12:02:50,-0.00012969
12:03:00,-0.00015746
12:03:10,-0.00014974
12:03:20,-0.00016358
12:03:30,-0.0001622
12:03:40,-0.0001165
12:03:50,-0.00012227
12:04:00,-0.00018004
12:04:10,-0.00011637
12:04:20,-0.00013952
12:04:30,-0.00011882
12:04:40,-0.00016254
12:04:50,-0.00016155
12:05:00,-0.00015093
12:05:10,-0.0001593
12:05:20,-0.00016237
12:05:30,-0.00015618
12:05:40,-0.00015296
12:05:50,-0.00016382
12:06:00,-0.00019708
12:06:10,-0.00017086
12:06:20,-0.00016887
12:06:30,-0.00014134
12:06:40,-0.00013446
12:06:50,-0.00015299
12:07:00,-0.00013187
12:07:10,-0.00015546
12:07:20,-0.00011921
12:07:30,-0.00012106
12:07:40,-0.00010701
12:07:50,-0.00012985
12:08:00,-0.00009851
12:08:10,-0.00011525
12:08:20,-0.00011402
12:08:30,-0.00004981
12:08:40,-0.00008833
12:08:50,-0.00006864
12:09:00,-0.00008273
12:09:10,-0.00006804
12:09:20,-0.00007903
12:09:30,-0.00004169
12:09:40,-0.0000566
12:09:50,-0.00008833
12:10:00,-0.00006493
12:10:10,-0.00010021
12:10:20,-0.00006867
12:10:30,-0.00001741
12:10:40,-0.00001705
12:10:50,-0.00005579
12:11:00,-0.0000368
12:11:10,-0.00006116
12:11:20,-0.00004227
12:11:30,-0.00002443
12:11:40,-0.00004354
12:11:50,-0.00009967
12:12:00,-0.00007521
12:12:10,-0.00003707
12:12:20,-0.00003168
12:12:30,-0.00006005
12:12:40,-0.00010326
12:12:50,-0.00005046
12:13:00,-0.00005248
12:13:10,-0.0000483
12:13:20,-0.00005137
12:13:30,-0.00004285
12:13:40,-0.00003396
12:13:50,-0.00006407
12:14:00,-0.00005368
12:14:10,-0.00008398
12:14:20,-0.00005268
12:14:30,-0.00010675
12:14:40,-0.00012703
12:14:50,-0.0000913
12:15:00,-0.00012561
12:15:10,-0.00011859
12:15:20,-0.00012097
12:15:30,-0.00011329
12:15:40,-0.00010065
12:15:50,-0.00009495
12:16:00,-0.00007927
12:16:10,-0.00007879
12:16:20,-0.00009283
12:16:30,-0.00010307
12:16:40,-0.00012475
12:16:50,-0.00010953
12:17:00,-0.00012013
12:17:10,-0.00013897
12:17:20,-0.00011576
12:17:30,-0.00014886
12:17:40,-0.00012921
12:17:50,-0.00016546
12:18:00,-0.00014292
12:18:10,-0.00017192
12:18:20,-0.00015408
12:18:30,-0.00017616
12:18:40,-0.00018781
12:18:50,-0.00020466
12:19:00,-0.00016153
12:19:10,-0.00017156
12:19:20,-0.00015939
12:19:30,-0.00010632
12:19:40,-0.00011062
12:19:50,-0.00010137
12:20:00,-0.00014947
12:20:10,-0.00014629
12:20:20,-0.00012131
12:20:30,-0.00008962
12:20:40,-0.00013521
12:20:50,-0.00009408
12:21:00,-0.00012487
12:21:10,-0.00011263
12:21:20,-0.00012038
12:21:30,-0.00009855
12:21:40,-0.00009644
12:21:50,-0.00013904
12:22:00,-0.00011878
12:22:10,-0.00012372
12:22:20,-0.00014751
12:22:30,-0.00011043
12:22:40,-0.00014041
12:22:50,-0.00016587
12:23:00,-0.00015998
12:23:10,-0.00015964
12:23:20,-0.00014016
12:23:30,-0.00014551
12:23:40,-0.00016465
12:23:50,-0.00017727
12:24:00,-0.00010441
12:24:10,-0.00011081
12:24:20,-0.00013055
12:24:30,-0.00015451
12:24:40,-0.00010574
12:24:50,-0.00009641
12:25:00,-0.00011307
12:25:10,-0.00010576
12:25:20,-0.00012648
12:25:30,-0.00009915
12:25:40,-0.00009904
12:25:50,-0.00007851
12:26:00,-0.00006936
12:26:10,-0.00005942
12:26:20,-0.00007503
12:26:30,-0.00005693
12:26:40,-0.00006698
12:26:50,-0.00003888
12:27:00,-0.00002917
12:27:10,-0.00004046
12:27:20,-0.00004744
12:27:30,-0.00004206
12:27:40,0.00000549
12:27:50,-0.00001038
12:28:00,-0.00005044
12:28:10,-0.000037
12:28:20,-0.00005289
12:28:30,-0.00003565
12:28:40,-0.0000124
12:28:50,-0.00003057
12:29:00,-0.0000456
12:29:10,-0.00001185
12:29:20,-0.00001315
12:29:30,-0.00006431
12:29:40,-0.00000602
12:29:50,-0.00000671
12:30:00,-0.00003624
12:30:10,-0.00001461
12:30:20,-0.00000636
12:30:30,-0.00002006
12:30:40,-0.00005833
12:30:50,-0.00001244
12:31:00,-0.00002929
12:31:10,-0.00001514
12:31:20,-0.00001742
12:31:30,-0.00001133
12:31:40,-0.00001628
12:31:50,-0.00005849
12:32:00,-0.00004783
12:32:10,-0.00004219
12:32:20,-0.0000461
12:32:30,-0.00008564
12:32:40,-0.00008702
12:32:50,-0.00007426
12:33:00,-0.00010766
12:33:10,-0.00007259
12:33:20,-0.00012123
12:33:30,-0.00011916
12:33:40,-0.00009423
12:33:50,-0.0001297
12:34:00,-0.00015536
12:34:10,-0.0001646
12:34:20,-0.00016618
12:34:30,-0.00015768
12:34:40,-0.00017876
12:34:50,-0.00015408
12:35:00,-0.00016689
12:35:10,-0.00015848
12:35:20,-0.0001668
12:35:30,-0.00017944
12:35:40,-0.00018707
12:35:50,-0.00016545
12:36:00,-0.00015633
12:36:10,-0.00016822
12:36:20,-0.00015507
12:36:30,-0.00012973
12:36:40,-0.00012601
12:36:50,-0.00012774
12:37:00,-0.00007319
12:37:10,-0.00006157
12:37:20,-0.0000599
12:37:30,-0.00006295
12:37:40,-0.00012797
12:37:50,-0.00007647
12:38:00,-0.0001056
12:38:10,-0.00003804
12:38:20,-0.00009194
12:38:30,-0.00007787
12:38:40,-0.00009324
12:38:50,-0.00007764
12:39:00,-0.00010599
12:39:10,-0.000123
12:39:20,-0.00006764
12:39:30,-0.00007359
12:39:40,-0.00006601
12:39:50,-0.00009544
12:40:00,-0.00010677
12:40:10,-0.00006803
12:40:20,-0.00004979
12:40:30,-0.00007343
12:40:40,-0.00010358
12:40:50,-0.0000662
12:41:00,-0.00005525
12:41:10,-0.00005172
12:41:20,-0.00005953
12:41:30,-0.00008268
12:41:40,-0.00008764
12:41:50,-0.00007171
12:42:00,-0.0000904
12:42:10,-0.00008228
12:42:20,-0.00008125
12:42:30,-0.00010459
12:42:40,-0.00007481
12:42:50,-0.00011985
12:43:00,-0.00011571
12:43:10,-0.00007258
12:43:20,-0.00010663
12:43:30,-0.00010713
12:43:40,-0.00008973
12:43:50,-0.00009708
12:44:00,-0.00008403
12:44:10,-0.00008333
12:44:20,-0.00007881
12:44:30,-0.00010025
12:44:40,-0.0001261
12:44:50,-0.00012174
12:45:00,-0.00011713
12:45:10,-0.00013241
12:45:20,-0.00013864
12:45:30,-0.00011992
12:45:40,-0.00010637
12:45:50,-0.00008481
12:46:00,-0.00009114
12:46:10,-0.00009877
12:46:20,-0.00010229
12:46:30,-0.00007552
12:46:40,-0.00008242
12:46:50,-0.00005326
12:47:00,-0.00007747
12:47:10,-0.00008542
12:47:20,-0.00009395
12:47:30,-0.00006122
12:47:40,-0.0000708
12:47:50,-0.00007125
12:48:00,-0.0000874
12:48:10,-0.00005217
12:48:20,-0.00004723
12:48:30,-0.00003593
12:48:40,-0.00003951
12:48:50,-0.00001555
12:49:00,-0.00007388
12:49:10,-0.00006166
12:49:20,-0.00007012
12:49:30,-0.00008143
12:49:40,-0.00007498
12:49:50,-0.00008025
12:50:00,-0.00011019
12:50:10,-0.00009824
12:50:20,-0.00010426
12:50:30,-0.00009374
12:50:40,-0.00010169
12:50:50,-0.00011123
12:51:00,-0.00012239
12:51:10,-0.00009385
12:51:20,-0.00013617
12:51:30,-0.0001307
12:51:40,-0.00008689
12:51:50,-0.00006757
12:52:00,-0.00006223
12:52:10,-0.0000908
12:52:20,-0.00007703
12:52:30,-0.00009133
12:52:40,-0.00008884
12:52:50,-0.00008236
12:53:00,-0.00009929
12:53:10,-0.00009793
12:53:20,-0.00006558
12:53:30,-0.00009081
12:53:40,-0.00006906
12:53:50,-0.00010783
12:54:00,-0.00009243
12:54:10,-0.00007911
12:54:20,-0.00005918
12:54:30,-0.00006965
12:54:40,-0.00005621
12:54:50,-0.00011311
12:55:00,-0.00011616
12:55:10,-0.00009309
12:55:20,-0.00011286
12:55:30,-0.00013673
12:55:40,-0.00011619
12:55:50,-0.0000809
12:56:00,-0.00008487
12:56:10,-0.00010114
12:56:20,-0.00010329
12:56:30,-0.00013121
12:56:40,-0.00010544
12:56:50,-0.00011503
12:57:00,-0.00011588
12:57:10,-0.00014202
12:57:20,-0.00011179
12:57:30,-0.00013106
12:57:40,-0.00015068
12:57:50,-0.00012628
12:58:00,-0.00014389
12:58:10,-0.00019339
12:58:20,-0.00018804
12:58:30,-0.00020065
12:58:40,-0.00021295
12:58:50,-0.00022295
12:59:00,-0.00022814
12:59:10,-0.00021867
12:59:20,-0.00018637
12:59:30,-0.00019024
12:59:40,-0.00020548
12:59:50,-0.00018069
13:00:00,-0.00020819
13:00:10,-0.00018065
13:00:20,-0.00017454
13:00:30,-0.0002319
13:00:40,-0.00021929
13:00:50,-0.0002612
13:01:00,-0.00025341
13:01:10,-0.0002336
13:01:20,-0.00026311
13:01:30,-0.00024031
13:01:40,-0.00025384
13:01:50,-0.00021362
13:02:00,-0.00024591
13:02:10,-0.00022609
13:02:20,-0.00025001
13:02:30,-0.00021424
13:02:40,-0.00019551
13:02:50,-0.00018346
13:03:00,-0.00017827
13:03:10,-0.0001724
13:03:20,-0.00017416
13:03:30,-0.00019045
13:03:40,-0.00017143
13:03:50,-0.00019731
13:04:00,-0.00023777
13:04:10,-0.00028275
13:04:20,-0.00026917
13:04:30,-0.00020833
13:04:40,-0.00024115
13:04:50,-0.00022027
13:05:00,-0.00022297
13:05:10,-0.00021929
13:05:20,-0.00027703
13:05:30,-0.00024414
13:05:40,-0.00027817
13:05:50,-0.00026995
13:06:00,-0.00024538
13:06:10,-0.00027278
13:06:20,-0.00019308
13:06:30,-0.00020157
13:06:40,-0.0002017
13:06:50,-0.00020796
13:07:00,-0.0001949
13:07:10,-0.00020904
13:07:20,-0.0001964
13:07:30,-0.0001775
13:07:40,-0.00014775
13:07:50,-0.00022093
13:08:00,-0.00020498
13:08:10,-0.00019627
13:08:20,-0.00022419
13:08:30,-0.00021241
13:08:40,-0.00022562
13:08:50,-0.00022266
13:09:00,-0.00026074
13:09:10,-0.0002571
13:09:20,-0.00023877
13:09:30,-0.00023031
13:09:40,-0.00018903
13:09:50,-0.00015462
13:10:00,-0.00019281
13:10:10,-0.00019146
13:10:20,-0.00018703
13:10:30,-0.00018742
13:10:40,-0.00021727
13:10:50,-0.00020414
13:11:00,-0.00026339
13:11:10,-0.00022909
13:11:20,-0.00025385
13:11:30,-0.0002794
13:11:40,-0.00026168
13:11:50,-0.00025758
13:12:00,-0.0002601
13:12:10,-0.00028909
13:12:20,-0.00030215
13:12:30,-0.0002952
13:12:40,-0.00030414
13:12:50,-0.00027299
13:13:00,-0.0003121
13:13:10,-0.00026117
13:13:20,-0.00024174
13:13:30,-0.00027328
13:13:40,-0.00025385
13:13:50,-0.00025135
13:14:00,-0.0002409
13:14:10,-0.00021839
13:14:20,-0.00026186
13:14:30,-0.0002453
13:14:40,-0.00020352
13:14:50,-0.0002385
13:15:00,-0.00023956
13:15:10,-0.00022889
13:15:20,-0.00025464
13:15:30,-0.00024979
13:15:40,-0.00021688
13:15:50,-0.00023599
13:16:00,-0.00024903
13:16:10,-0.00025739
13:16:20,-0.0002587
13:16:30,-0.0002523
13:16:40,-0.00026819
13:16:50,-0.00028264
13:17:00,-0.00027711
13:17:10,-0.00028978
13:17:20,-0.0002658
13:17:30,-0.00023776
13:17:40,-0.00022097
13:17:50,-0.0002123
13:18:00,-0.00020904
13:18:10,-0.00021079
13:18:20,-0.00017825
13:18:30,-0.0001663
13:18:40,-0.00017909
13:18:50,-0.00016174
13:19:00,-0.00017887
13:19:10,-0.00013733
13:19:20,-0.00017183
13:19:30,-0.00019693
13:19:40,-0.00014574
13:19:50,-0.00012254
13:20:00,-0.00012349
13:20:10,-0.00021021
13:20:20,-0.00014715
13:20:30,-0.00014903
13:20:40,-0.00016934
13:20:50,-0.00011521
13:21:00,-0.00011908
13:21:10,-0.0000967
13:21:20,-0.00012636
13:21:30,-0.00007946
13:21:40,-0.00008247
13:21:50,-0.00006841
13:22:00,-0.00007468
13:22:10,-0.0000476
13:22:20,-0.00004541
13:22:30,-0.00003414
13:22:40,-0.00003878
13:22:50,-0.00002389
13:23:00,-0.00002839
13:23:10,-0.00000755
13:23:20,-0.00001944
13:23:30,-0.0000331
13:23:40,-0.00003368
13:23:50,-0.00003446
13:24:00,-0.00004361
13:24:10,-0.00001645
13:24:20,0.00001242
13:24:30,0.0000384
13:24:40,0.00004056
13:24:50,0.00007134
13:25:00,0.00008695
13:25:10,0.00006918
13:25:20,0.00009952
13:25:30,0.00008584
13:25:40,0.00007427
13:25:50,0.00007555
13:26:00,0.0000554
13:26:10,0.00003267
13:26:20,0.00011203
13:26:30,0.0000666
13:26:40,0.00006425
13:26:50,0.00005924
13:27:00,0.00005266
13:27:10,0.00006286
13:27:20,0.00008683
13:27:30,0.00014048
13:27:40,0.00010634
13:27:50,0.00008365
13:28:00,0.00011057
13:28:10,0.0001066
13:28:20,0.00011585
13:28:30,0.00009732
13:28:40,0.00005854
13:28:50,0.00005761
13:29:00,0.00003949
13:29:10,0.00006676
13:29:20,0.00006659
13:29:30,0.00008123
13:29:40,0.0000651
13:29:50,0.00007727
13:30:00,-0.00000449
13:30:10,0.00006133
13:30:20,0.0000501
13:30:30,0.00006545
13:30:40,0.00005606
13:30:50,0.00005917
13:31:00,0.00003198
13:31:10,0.00008961
13:31:20,0.00001888
13:31:30,0.00001664
13:31:40,0.00001215
13:31:50,0.00001642
13:32:00,-0.00000952
13:32:10,-0.00004066
13:32:20,-0.00005438
13:32:30,0.00000849
13:32:40,-0.00001182
13:32:50,-0.00003917
13:33:00,0.00000186
13:33:10,0.00001875
13:33:20,-0.00003629
13:33:30,-0.00000563
13:33:40,0.00000012
13:33:50,0.0000396
13:34:00,-0.00000268
13:34:10,0.00001238
13:34:20,-0.00000061
13:34:30,0.00000773
13:34:40,0.00000683
13:34:50,0.00003775
13:35:00,0.00001191
13:35:10,0.00003183
13:35:20,0.00005265
13:35:30,0.00003995
13:35:40,0.00001479
13:35:50,0.0000496
13:36:00,0.00006396
13:36:10,0.00006
13:36:20,0.00008862
13:36:30,0.00006688
13:36:40,0.0001176
13:36:50,0.00006859
13:37:00,0.00011107
13:37:10,0.00011044
13:37:20,0.00014501
13:37:30,0.00011815
13:37:40,0.00014719
13:37:50,0.00014401
13:38:00,0.00010503
13:38:10,0.00011626
13:38:20,0.00011878
13:38:30,0.00012866
13:38:40,0.00005591
13:38:50,0.00001893
13:39:00,0.00001211
13:39:10,0.00006006
13:39:20,0.00002367
13:39:30,0.00002751
13:39:40,0.0000519
13:39:50,0.00006231
13:40:00,0.00006771
13:40:10,0.00007323
13:40:20,0.00007255
13:40:30,0.00009016
13:40:40,0.00015529
13:40:50,0.00014602
13:41:00,0.00013325
13:41:10,0.00013043
13:41:20,0.00015023
13:41:30,0.00015016
13:41:40,0.00011473
13:41:50,0.00008685
13:42:00,0.00010309
13:42:10,0.00009928
13:42:20,0.00013731
13:42:30,0.00014678
13:42:40,0.00010344
13:42:50,0.00010212
13:43:00,0.0000862
13:43:10,0.00006417
13:43:20,0.00005221
13:43:30,0.00007046
13:43:40,0.00007307
13:43:50,0.00008358
13:44:00,0.00007797
13:44:10,0.00007535
13:44:20,0.00008339
13:44:30,0.00004637
13:44:40,0.00007146
13:44:50,0.00004134
13:45:00,0.00008378
13:45:10,0.00006435
13:45:20,0.00006278
13:45:30,0.00007682
13:45:40,0.00006655
13:45:50,0.00007445
13:46:00,0.00002713
13:46:10,0.00004443
13:46:20,0.00009779
13:46:30,0.00007898
13:46:40,0.00014583
13:46:50,0.00016638
13:47:00,0.00015827
13:47:10,0.00012033
13:47:20,0.00012145
13:47:30,0.00014172
13:47:40,0.00014671
13:47:50,0.00013279
13:48:00,0.00014902
13:48:10,0.00018025
13:48:20,0.00013022
13:48:30,0.00011462
13:48:40,0.00011052
13:48:50,0.00017017
13:49:00,0.00014337
13:49:10,0.00015181
13:49:20,0.00013619
13:49:30,0.00011618
13:49:40,0.00017609
13:49:50,0.00013386
13:50:00,0.0001461
13:50:10,0.0001641
13:50:20,0.00013682
13:50:30,0.00017726
13:50:40,0.00017411
13:50:50,0.00014731
13:51:00,0.00017379
13:51:10,0.00015758
13:51:20,0.00015502
13:51:30,0.00014327
13:51:40,0.00017459
13:51:50,0.00015676
13:52:00,0.00016181
13:52:10,0.00016942
13:52:20,0.00014167
13:52:30,0.00009069
13:52:40,0.0001051
13:52:50,0.00014849
13:53:00,0.0001331
13:53:10,0.00013709
13:53:20,0.00012318
13:53:30,0.00016375
13:53:40,0.00012928
13:53:50,0.00014676
13:54:00,0.00016864
13:54:10,0.00019342
13:54:20,0.00019371
13:54:30,0.00017885
13:54:40,0.00016678
13:54:50,0.0002026
13:55:00,0.00022606
13:55:10,0.00023628
13:55:20,0.00025358
13:55:30,0.00026606
13:55:40,0.00021992
13:55:50,0.00022047
13:56:00,0.00020137
13:56:10,0.00017447
13:56:20,0.00020347
13:56:30,0.00020588
13:56:40,0.00018512
13:56:50,0.00019685
13:57:00,0.00021455
13:57:10,0.00017321
13:57:20,0.00017825
13:57:30,0.00020081
13:57:40,0.00019766
13:57:50,0.00017783
13:58:00,0.00017832
13:58:10,0.00013614
13:58:20,0.00017239
13:58:30,0.00020763
13:58:40,0.00015441
13:58:50,0.00019149
13:59:00,0.00020201
13:59:10,0.00021394
13:59:20,0.00022913
13:59:30,0.00024151
13:59:40,0.0002199
13:59:50,0.00020762
14:00:00,0.00019994
14:00:10,0.00020195
14:00:20,0.00022134
14:00:30,0.00021807
14:00:40,0.00022631
14:00:50,0.00020836
14:01:00,0.00026473
14:01:10,0.00021469
14:01:20,0.00019471
14:01:30,0.00021694
14:01:40,0.00020812
14:01:50,0.00020616
14:02:00,0.00022543
14:02:10,0.00019972
14:02:20,0.00018912
14:02:30,0.00019097
14:02:40,0.00020075
14:02:50,0.00019036
14:03:00,0.00018194
14:03:10,0.00017546
14:03:20,0.00019865
14:03:30,0.00018465
14:03:40,0.00020988
14:03:50,0.00023696
14:04:00,0.00021266
14:04:10,0.00023516
14:04:20,0.00020552
14:04:30,0.00015507
14:04:40,0.00019634
14:04:50,0.00019755
14:05:00,0.0001864
14:05:10,0.0001641
14:05:20,0.00018189
14:05:30,0.00016815
14:05:40,0.00014566
14:05:50,0.00012957
14:06:00,0.00014077
14:06:10,0.0001602
14:06:20,0.00018395
14:06:30,0.00013876
14:06:40,0.00014524
14:06:50,0.00015263
14:07:00,0.00016487
14:07:10,0.00016853
14:07:20,0.00013271
14:07:30,0.00014389
14:07:40,0.00015526
14:07:50,0.00015308
14:08:00,0.00013821
14:08:10,0.00011228
14:08:20,0.00011102
14:08:30,0.00010637
14:08:40,0.00010353
14:08:50,0.00010536
14:09:00,0.00006379
14:09:10,0.00009797
14:09:20,0.00008179
14:09:30,0.00012131
14:09:40,0.00012719
14:09:50,0.00015121
14:10:00,0.00012833
14:10:10,0.00015621
14:10:20,0.0001139
14:10:30,0.00009413
14:10:40,0.0000982
14:10:50,0.00012706
14:11:00,0.00010717
14:11:10,0.0000985
14:11:20,0.00007792
14:11:30,0.00015274
14:11:40,0.00016414
14:11:50,0.00016484
14:12:00,0.00014795
14:12:10,0.00016051
14:12:20,0.00017038
14:12:30,0.00016492
14:12:40,0.00014427
14:12:50,0.00015276
14:13:00,0.0001382
14:13:10,0.00015975
14:13:20,0.00013533
14:13:30,0.00015176
14:13:40,0.00015273
14:13:50,0.00013147
14:14:00,0.00010563
14:14:10,0.00011382
14:14:20,0.00014508
14:14:30,0.00011318
14:14:40,0.0000979
14:14:50,0.00012187
14:15:00,0.00012178
14:15:10,0.00015083
14:15:20,0.00013104
14:15:30,0.00015178
14:15:40,0.00012717
14:15:50,0.00016118
14:16:00,0.00015242
14:16:10,0.00019712
14:16:20,0.00015587
14:16:30,0.00016727
14:16:40,0.00019564
14:16:50,0.00019093
14:17:00,0.00021912
14:17:10,0.00027292
14:17:20,0.00018742
14:17:30,0.00013869
14:17:40,0.00010149
14:17:50,0.00003782
14:18:00,0.00006686
14:18:10,0.00012692
14:18:20,0.00012631
14:18:30,0.0001449
14:18:40,0.00014205
14:18:50,0.00009795
14:19:00,0.00013201
14:19:10,0.0001572
14:19:20,0.00011781
14:19:30,0.00018487
14:19:40,0.0001588
14:19:50,0.00017246
14:20:00,0.00013451
14:20:10,0.0002225
14:20:20,0.00020278
14:20:30,0.00017427
14:20:40,0.00013255
14:20:50,0.00012637
14:21:00,0.00015294
14:21:10,0.00018265
14:21:20,0.00020788
14:21:30,0.0001945
14:21:40,0.00021274
14:21:50,0.00021179
14:22:00,0.0001683
14:22:10,0.00015195
14:22:20,0.00020982
14:22:30,0.00016656
14:22:40,0.00013645
14:22:50,0.00017412
14:23:00,0.00011909
14:23:10,0.00017139
14:23:20,0.00016829
14:23:30,0.00017561
14:23:40,0.00016598
14:23:50,0.00010239
14:24:00,0.00012502
14:24:10,0.00017214
14:24:20,0.00015171
14:24:30,0.00015796
14:24:40,0.00015902
14:24:50,0.00015253
14:25:00,0.00016385
14:25:10,0.00014804
14:25:20,0.00017083
14:25:30,0.00015354
14:25:40,0.00014085
14:25:50,0.00010441
14:26:00,0.00008683
14:26:10,0.00010492
14:26:20,0.0001263
14:26:30,0.00008649
14:26:40,0.00007376
14:26:50,0.00000555
14:27:00,0.000016
14:27:10,0.0000991
14:27:20,0.00005969
14:27:30,0.00005093
14:27:40,0.000049
14:27:50,0.00007623
14:28:00,0.00008247
14:28:10,0.00009678
14:28:20,0.00007712
14:28:30,0.00011784
14:28:40,0.00012167
14:28:50,0.00014859
14:29:00,0.00011306
14:29:10,0.0000924
14:29:20,0.00016745
14:29:30,0.00007885
14:29:40,0.00013747
14:29:50,0.00007803
14:30:00,0.00006999
14:30:10,0.00010584
14:30:20,0.00011943
14:30:30,0.00010155
14:30:40,0.00010192
14:30:50,0.00007919
14:31:00,0.00010236
14:31:10,0.00017138
14:31:20,0.00014722
14:31:30,0.00015033
14:31:40,0.00017047
14:31:50,0.00015287
14:32:00,0.00016015
14:32:10,0.00013408
14:32:20,0.00021422
14:32:30,0.00019726
14:32:40,0.00024587
14:32:50,0.00019128
14:33:00,0.00019707
14:33:10,0.00017243
14:33:20,0.00017788
14:33:30,0.00019059
14:33:40,0.00015711
14:33:50,0.00019561
14:34:00,0.00020439
14:34:10,0.00020115
14:34:20,0.00020502
14:34:30,0.00021476
14:34:40,0.00024712
14:34:50,0.00024159
14:35:00,0.00023434
14:35:10,0.00023624
14:35:20,0.00028113
14:35:30,0.00025277
14:35:40,0.00025025
14:35:50,0.00021766
14:36:00,0.0002278
14:36:10,0.00023505
14:36:20,0.00019539
14:36:30,0.00023444
14:36:40,0.00021357
14:36:50,0.00020222
14:37:00,0.00020561
14:37:10,0.00020455
14:37:20,0.00021287
14:37:30,0.00022435
14:37:40,0.00019939
14:37:50,0.00019598
14:38:00,0.00019546
14:38:10,0.00017968
14:38:20,0.00015531
14:38:30,0.00016518
14:38:40,0.00018544
14:38:50,0.00018225
14:39:00,0.00013115
14:39:10,0.00014569
14:39:20,0.0001562
14:39:30,0.00019439
14:39:40,0.00014373
14:39:50,0.00016034
14:40:00,0.00013623
14:40:10,0.00011764
14:40:20,0.00014528
14:40:30,0.00016553
14:40:40,0.00011517
14:40:50,0.00015199
14:41:00,0.00010611
14:41:10,0.0001555
14:41:20,0.00015362
14:41:30,0.00018233
14:41:40,0.00017783
14:41:50,0.00014982
14:42:00,0.00014316
14:42:10,0.00014745
14:42:20,0.00014223
14:42:30,0.00016513
14:42:40,0.00019175
14:42:50,0.00018568
14:43:00,0.0001588
14:43:10,0.00011341
14:43:20,0.00017047
14:43:30,0.00013546
14:43:40,0.00018077
14:43:50,0.00015207
14:44:00,0.00015635
14:44:10,0.00017372
14:44:20,0.00018774
14:44:30,0.00017574
14:44:40,0.00013539
14:44:50,0.00015828
14:45:00,0.0002082
14:45:10,0.00020924
14:45:20,0.00019433
14:45:30,0.00020456
14:45:40,0.0001881
14:45:50,0.00019187
14:46:00,0.00016843
14:46:10,0.00017275
14:46:20,0.00017748
14:46:30,0.00011017
14:46:40,0.00015435
14:46:50,0.00012303
14:47:00,0.00010662
14:47:10,0.00014077
14:47:20,0.00010599
14:47:30,0.00005211
14:47:40,0.00005555
14:47:50,0.00006439
14:48:00,0.00007033
14:48:10,0.00006508
14:48:20,0.00006918
14:48:30,0.0000702
14:48:40,0.00003244
14:48:50,0.00004321
14:49:00,0.00003161
14:49:10,0.00001296
14:49:20,0.00004471
14:49:30,0.00004958
14:49:40,0.00001626
14:49:50,0.00004272
14:50:00,0.00000627
14:50:10,0.00003332
14:50:20,0.00000201
14:50:30,0.00000182
14:50:40,0.00001032
14:50:50,-0.0000093
14:51:00,-0.00000033
14:51:10,0.00001757
14:51:20,-0.00002379
14:51:30,-0.00004217
14:51:40,0.00000336
14:51:50,0.00004383
14:52:00,0.00000532
14:52:10,0.00003548
14:52:20,0.00001349
14:52:30,0.0000061
14:52:40,0.00003678
14:52:50,-0.00001591
14:53:00,-0.00001265
14:53:10,-0.00005776
14:53:20,-0.00007441
14:53:30,-0.00001105
14:53:40,-0.00000599
14:53:50,-0.00000278
14:54:00,-0.00002576
14:54:10,-0.00002754
14:54:20,-0.00003768
14:54:30,-0.00006817
14:54:40,-0.00001476
14:54:50,-0.00003274
14:55:00,-0.00000769
14:55:10,-0.00001912
14:55:20,-0.000044
14:55:30,-0.0000077
14:55:40,-0.0000075
14:55:50,-0.00001973
14:56:00,0.00001147
14:56:10,-0.00003394
14:56:20,-0.00004688
14:56:30,-0.0000588
14:56:40,-0.00003453
14:56:50,0.00001391
14:57:00,0.00001059
14:57:10,0.00003814
14:57:20,0.00006009
14:57:30,0.00005304
14:57:40,0.00004626
14:57:50,0.00003278
14:58:00,0.0000222
14:58:10,0.00003441
14:58:20,0.00002622
14:58:30,0.00002311
14:58:40,0.00001367
14:58:50,0.00007018
14:59:00,0.00004729
14:59:10,0.00009252
14:59:20,0.00012462
14:59:30,0.00015492
14:59:40,0.00009797
14:59:50,0.00012269
15:00:00,0.00012453
15:00:10,0.00012128
15:00:20,0.00013633
15:00:30,0.00016811
15:00:40,0.00012318
15:00:50,0.00011428
15:01:00,0.00011206
15:01:10,0.00009624
15:01:20,0.00010896
15:01:30,0.00011261
15:01:40,0.00008423
15:01:50,0.00010825
15:02:00,0.00014097
15:02:10,0.00009135
15:02:20,0.00010057
15:02:30,0.00012375
15:02:40,0.00006082
15:02:50,0.00004964
15:03:00,0.00002188
15:03:10,0.00005504
15:03:20,0.00006214
15:03:30,0.00002518
15:03:40,0.00003636
15:03:50,-0.00000671
15:04:00,-0.00000849
15:04:10,-0.00000818
15:04:20,-0.00004358
15:04:30,-0.00002704
15:04:40,-0.00004063
15:04:50,-0.00005222
15:05:00,-0.00007558
15:05:10,-0.0000365
15:05:20,-0.00007546
15:05:30,-0.00005068
15:05:40,-0.00008133
15:05:50,-0.00010117
15:06:00,-0.00005234
15:06:10,-0.00007352
15:06:20,-0.00006048
15:06:30,-0.00010767
15:06:40,-0.0000975
15:06:50,-0.00010879
15:07:00,-0.0001163
15:07:10,-0.00012112
15:07:20,-0.00010928
15:07:30,-0.00004818
15:07:40,-0.0000651
15:07:50,-0.00005791
15:08:00,-0.00004178
15:08:10,-0.00006901
15:08:20,-0.00007372
15:08:30,-0.00002241
15:08:40,-0.00007495
15:08:50,-0.00004185
15:09:00,-0.00004383
15:09:10,0.00001248
15:09:20,-0.0000129
15:09:30,-0.00002768
15:09:40,0.00000279
15:09:50,-0.00000385
15:10:00,-0.00001928
15:10:10,0.00001775
15:10:20,0.00000798
15:10:30,0.00001644
15:10:40,-0.00000433
15:10:50,0.00000641
15:11:00,0.00000798
15:11:10,0.00001294
15:11:20,-0.0000339
15:11:30,0.0000348
15:11:40,-0.00001857
15:11:50,-0.00001107
15:12:00,-0.00005588
15:12:10,-0.00001
15:12:20,-0.00003931
15:12:30,-0.00004299
15:12:40,-0.00005335
15:12:50,-0.00006068
15:13:00,-0.00009621
15:13:10,-0.00010832
15:13:20,-0.00009053
15:13:30,-0.00011223
15:13:40,-0.00010285
15:13:50,-0.00008583
15:14:00,-0.00011676
15:14:10,-0.00008048
15:14:20,-0.00012464
15:14:30,-0.0001388
15:14:40,-0.00013576
15:14:50,-0.00014703
15:15:00,-0.00013093
15:15:10,-0.00013072
15:15:20,-0.00011111
15:15:30,-0.00005655
15:15:40,-0.00009091
15:15:50,-0.00006718
15:16:00,-0.00001402
15:16:10,-0.00005329
15:16:20,-0.00001338
15:16:30,-0.00001384
15:16:40,-0.00000475
15:16:50,-0.00003619
15:17:00,-0.00005115
15:17:10,-0.00002826
15:17:20,-0.00005208
15:17:30,-0.00002796
15:17:40,-0.00002275
15:17:50,-0.00001336
15:18:00,-0.00005685
15:18:10,-0.00003932
15:18:20,-0.00000073
15:18:30,-0.0000087
15:18:40,0.00000595
15:18:50,0.00004822
15:19:00,0.00004016
15:19:10,0.00006347
15:19:20,0.000095
15:19:30,0.00009675
15:19:40,0.00016174
15:19:50,0.00015123
15:20:00,0.00028801
